Stages_Data,,,,,
English,,,,,
Time,Miles,MPH,Watts,HR,RPM,Resistance,Relative Resistance,Incline
00:00,0.0000,0.00,0,0,0,10,42,0
00:01,0.0000,0.00,1,0,3,10,42,0
00:02,0.0000,0.00,1,0,5,10,42,0
00:03,0.0000,0.00,2,0,8,10,42,0
00:04,0.0000,0.00,3,0,10,10,42,0
00:05,0.0000,0.00,3,0,13,10,42,0
00:06,0.0000,0.00,4,0,15,10,42,0
00:07,0.0006,2.67,4,0,15,10,42,0
00:08,0.0006,3.03,4,0,21,10,42,0
00:09,0.0012,4.27,5,0,24,10,42,0
00:10,0.0025,4.99,8,0,30,10,42,0
00:11,0.0031,5.35,8,0,30,10,42,0
00:12,0.0050,5.35,8,0,30,10,42,0
00:13,0.0062,5.18,7,0,29,10,42,0
00:14,0.0075,5.18,8,0,30,10,42,0
00:15,0.0087,5.35,9,0,31,10,42,0
00:16,0.0093,5.53,9,0,31,10,42,0
00:17,0.0112,6.06,10,0,34,10,42,0
00:18,0.0137,6.06,11,0,35,10,42,0
00:19,0.0143,6.25,11,0,35,10,42,0
00:20,0.0155,6.25,12,0,36,10,42,0
00:21,0.0174,6.60,12,0,37,10,42,0
00:22,0.0180,6.60,13,0,38,10,42,0
00:23,0.0205,6.77,14,0,39,10,42,0
00:24,0.0224,6.96,14,0,39,10,42,0
00:25,0.0230,6.96,14,0,40,10,42,0
00:26,0.0249,7.13,14,0,40,10,42,0
00:27,0.0267,7.31,16,0,42,10,42,0
00:28,0.0286,7.49,17,0,43,10,42,0
00:29,0.0298,7.67,17,0,43,11,46,1
00:30,0.0317,8.19,25,0,44,11,46,1
00:31,0.0336,8.38,26,0,45,11,46,1
00:32,0.0360,8.38,29,0,48,11,46,1
00:33,0.0379,8.93,30,0,49,11,46,1
00:34,0.0404,9.31,32,0,51,11,46,1
00:35,0.0416,9.49,34,0,52,11,46,1
00:36,0.0441,9.87,36,0,54,11,46,1
00:37,0.0472,10.05,37,0,55,11,46,1
00:38,0.0497,10.43,41,0,58,11,46,1
00:39,0.0528,10.99,42,0,59,11,46,1
00:40,0.0553,11.17,43,0,60,11,46,1
00:41,0.0584,11.17,43,0,60,11,46,1
00:42,0.0615,11.17,43,0,60,11,46,1
00:43,0.0628,11.17,45,0,61,11,46,1
00:44,0.0659,11.54,46,0,62,11,46,1
00:45,0.0690,11.73,48,0,64,11,46,1
00:46,0.0721,11.92,52,0,67,11,46,1
00:47,0.0746,12.47,55,0,69,11,46,1
00:48,0.0771,12.84,57,0,71,11,46,1
00:49,0.0802,13.22,60,0,73,11,46,1
00:50,0.0833,13.78,63,0,75,11,46,1
00:51,0.0876,14.15,65,0,76,11,46,1
00:52,0.0913,14.34,67,0,77,11,46,1
00:53,0.0951,14.53,68,0,78,11,46,1
00:54,0.0988,14.71,70,0,79,11,46,1
00:55,0.1025,14.71,71,0,80,11,46,1
00:56,0.1069,14.90,71,0,80,11,46,1
00:57,0.1106,14.90,73,0,81,11,46,1
00:58,0.1150,15.08,73,0,81,11,46,1
00:59,0.1168,15.08,73,0,81,11,46,1
01:00,0.1212,15.27,74,0,82,11,46,1
01:01,0.1249,15.08,73,0,81,11,46,1
01:02,0.1286,14.90,71,0,80,11,46,1
01:03,0.1342,14.90,71,0,80,11,46,1
01:04,0.1379,15.08,73,0,81,11,46,1
01:05,0.1423,15.08,73,0,81,11,46,1
01:06,0.1460,14.90,71,0,80,11,46,1
01:07,0.1498,14.71,70,0,79,11,46,1
01:08,0.1535,14.71,70,0,79,11,46,1
01:09,0.1572,14.71,70,0,79,11,46,1
01:10,0.1616,14.71,70,0,79,11,46,1
01:11,0.1653,14.71,68,0,78,11,46,1
01:12,0.1690,14.71,70,0,79,11,46,1
01:13,0.1727,14.71,71,0,80,11,46,1
01:14,0.1765,14.90,73,0,81,11,46,1
01:15,0.1802,15.08,73,0,81,11,46,1
01:16,0.1852,15.08,73,0,81,11,46,1
01:17,0.1889,15.08,71,0,80,11,46,1
01:18,0.1926,14.90,71,0,80,11,46,1
01:19,0.1964,14.90,71,0,80,11,46,1
01:20,0.2001,15.08,73,0,81,11,46,1
01:21,0.2051,14.90,71,0,80,11,46,1
01:22,0.2088,14.71,70,0,79,11,46,1
01:23,0.2125,14.71,70,0,79,11,46,1
01:24,0.2162,14.90,71,0,80,11,46,1
01:25,0.2206,14.90,71,0,80,9,38,4
01:26,0.2237,13.71,101,0,80,9,38,4
01:27,0.2268,13.71,101,0,80,9,38,4
01:28,0.2305,13.53,99,0,79,9,38,4
01:29,0.2355,13.53,101,0,80,9,38,4
01:30,0.2386,13.71,104,0,81,9,38,4
01:31,0.2423,14.05,106,0,82,9,38,4
01:32,0.2461,14.05,110,0,84,9,38,4
01:33,0.2498,14.40,112,0,85,9,38,4
01:34,0.2529,14.56,112,0,85,9,38,4
01:35,0.2579,14.40,110,0,84,9,38,4
01:36,0.2616,14.40,112,0,85,9,38,4
01:37,0.2647,14.56,115,0,86,9,38,4
01:38,0.2678,14.73,115,0,86,9,38,4
01:39,0.2728,14.91,117,0,87,9,38,4
01:40,0.2765,14.91,117,0,87,9,38,4
01:41,0.2802,14.91,117,0,87,9,38,4
01:42,0.2840,14.91,117,0,87,9,38,4
01:43,0.2896,14.91,117,0,87,9,38,4
01:44,0.2933,14.91,117,0,87,9,38,4
01:45,0.2958,14.91,115,0,86,9,38,4
01:46,0.2995,14.73,115,0,86,9,38,4
01:47,0.3051,14.73,115,0,86,9,38,4
01:48,0.3088,14.73,115,0,86,9,38,4
01:49,0.3119,14.73,115,0,86,9,38,4
01:50,0.3175,14.73,117,0,87,9,38,4
01:51,0.3206,14.91,117,0,87,9,38,4
01:52,0.3237,14.91,115,0,86,9,38,4
01:53,0.3287,14.91,117,0,87,9,38,4
01:54,0.3324,14.73,117,0,87,9,38,4
01:55,0.3355,14.73,117,0,87,9,38,4
01:56,0.3405,14.91,117,0,87,9,38,4
01:57,0.3449,14.91,117,0,87,9,38,4
01:58,0.3486,14.91,117,0,87,9,38,4
01:59,0.3517,14.91,115,0,86,9,38,4
02:00,0.3567,14.73,117,0,87,9,38,4
02:01,0.3598,14.91,115,0,86,9,38,4
02:02,0.3635,14.91,115,0,86,9,38,4
02:03,0.3672,14.56,112,0,85,9,38,4
02:04,0.3710,14.56,108,0,83,9,38,4
02:05,0.3741,14.22,108,0,83,9,38,4
02:06,0.3784,14.05,106,0,82,9,38,4
02:07,0.3815,13.88,106,0,82,9,38,4
02:08,0.3859,13.88,106,0,82,9,38,4
02:09,0.3890,14.05,106,0,82,9,38,4
02:10,0.3933,14.05,106,0,82,9,38,4
02:11,0.3964,14.05,106,0,82,9,38,4
02:12,0.4014,14.22,108,0,83,9,38,4
02:13,0.4045,14.05,104,0,81,11,46,2
02:14,0.4076,15.08,95,0,81,11,46,2
02:15,0.4126,14.90,93,0,80,11,46,2
02:16,0.4169,14.90,93,0,80,11,46,2
02:17,0.4194,15.08,95,0,81,11,46,2
02:18,0.4244,15.08,93,0,80,11,46,2
02:19,0.4281,14.90,93,0,80,11,46,2
02:20,0.4325,14.90,95,0,81,11,46,2
02:21,0.4356,15.08,95,0,81,11,46,2
02:22,0.4399,15.27,99,0,83,11,46,2
02:23,0.4443,15.45,99,0,83,11,46,2
02:24,0.4474,15.45,99,0,83,11,46,2
02:25,0.4530,15.45,99,0,83,11,46,2
02:26,0.4573,15.27,97,0,82,11,46,2
02:27,0.4604,15.08,93,0,80,11,46,2
02:28,0.4635,14.71,89,0,78,11,46,2
02:29,0.4679,14.53,87,0,77,11,46,2
02:30,0.4722,14.53,87,0,77,11,46,2
02:31,0.4753,14.53,87,0,77,12,50,0
02:32,0.4803,14.99,65,0,77,12,50,0
02:33,0.4834,14.99,66,0,78,12,50,0
02:34,0.4884,15.19,68,0,79,12,50,0
02:35,0.4921,15.38,68,0,79,12,50,0
02:36,0.4965,15.58,69,0,80,12,50,0
02:37,0.5014,15.58,69,0,80,12,50,0
02:38,0.5046,15.58,69,0,80,12,50,0
02:39,0.5089,15.77,71,0,81,12,50,0
02:40,0.5126,15.77,71,0,81,12,50,0
02:41,0.5176,15.77,71,0,81,12,50,0
02:42,0.5213,15.77,71,0,81,12,50,0
02:43,0.5263,15.58,69,0,80,12,50,0
02:44,0.5307,15.58,69,0,80,12,50,0
02:45,0.5344,15.58,69,0,80,12,50,0
02:46,0.5387,15.58,71,0,81,12,50,0
02:47,0.5437,15.77,72,0,82,12,50,0
02:48,0.5474,15.96,72,0,82,12,50,0
02:49,0.5524,16.16,74,0,83,12,50,0
02:50,0.5561,16.16,74,0,83,12,50,0
02:51,0.5611,15.96,72,0,82,12,50,0
02:52,0.5661,15.96,71,0,81,12,50,2
02:53,0.5692,15.77,117,0,81,12,50,2
02:54,0.5741,15.77,117,0,81,12,50,2
02:55,0.5779,15.77,117,0,81,12,50,2
02:56,0.5822,15.77,114,0,80,12,50,2
02:57,0.5872,15.58,114,0,80,12,50,2
02:58,0.5903,15.58,114,0,80,12,50,2
02:59,0.5953,15.58,114,0,80,12,50,2
03:00,0.5984,15.58,114,0,80,12,50,2
03:01,0.6034,15.58,114,0,80,12,50,2
03:02,0.6077,15.58,112,0,79,12,50,2
03:03,0.6108,15.38,112,0,79,12,50,2
03:04,0.6158,15.38,114,0,80,12,50,2
03:05,0.6201,15.58,114,0,80,12,50,2
03:06,0.6239,15.58,117,0,81,12,50,2
03:07,0.6282,15.96,119,0,82,12,50,2
03:08,0.6313,15.96,121,0,83,12,50,2
03:09,0.6363,16.35,124,0,84,12,50,2
03:10,0.6400,16.35,124,0,84,12,50,2
03:11,0.6450,16.35,121,0,83,12,50,2
03:12,0.6487,16.16,121,0,83,12,50,2
03:13,0.6537,16.35,124,0,84,12,50,2
03:14,0.6593,16.35,121,0,83,12,50,2
03:15,0.6624,16.16,121,0,83,12,50,2
03:16,0.6674,16.16,121,0,83,12,50,2
03:17,0.6723,15.96,119,0,82,12,50,2
03:18,0.6754,15.96,117,0,81,12,50,2
03:19,0.6804,15.77,119,0,82,12,50,2
03:20,0.6835,15.96,119,0,82,12,50,2
03:21,0.6885,16.16,121,0,83,12,50,2
03:22,0.6941,16.16,121,0,83,12,50,2
03:23,0.6978,16.16,121,0,83,12,50,2
03:24,0.7021,15.96,119,0,82,12,50,2
03:25,0.7053,15.77,119,0,82,12,50,2
03:26,0.7108,15.77,119,0,82,12,50,2
03:27,0.7158,15.77,119,0,82,12,50,2
03:28,0.7189,15.96,121,0,83,12,50,2
03:29,0.7245,16.16,124,0,84,12,50,2
03:30,0.7276,16.35,124,0,84,12,50,2
03:31,0.7326,16.35,124,0,84,12,50,2
03:32,0.7363,16.35,121,0,83,12,50,2
03:33,0.7413,16.16,119,0,82,12,50,2
03:34,0.7463,16.16,119,0,82,12,50,2
03:35,0.7494,16.16,119,0,82,12,50,2
03:36,0.7543,15.77,117,0,81,12,50,2
03:37,0.7593,15.77,117,0,81,12,50,2
03:38,0.7624,15.77,117,0,81,12,50,2
03:39,0.7674,15.77,117,0,81,12,50,2
03:40,0.7724,15.77,117,0,81,12,50,2
03:41,0.7755,15.77,117,0,81,12,50,2
03:42,0.7804,15.96,119,0,82,12,50,2
03:43,0.7848,15.77,117,0,81,12,50,2
03:44,0.7879,15.77,114,0,80,12,50,2
03:45,0.7922,15.58,112,0,79,12,50,2
03:46,0.7972,15.19,110,0,78,12,50,2
03:47,0.7997,15.19,108,0,77,12,50,2
03:48,0.8047,14.99,105,0,76,12,50,2
03:49,0.8078,14.80,105,0,76,12,50,2
03:50,0.8121,15.38,117,0,81,12,50,2
03:51,0.8152,15.77,126,0,85,12,50,2
03:52,0.8196,17.32,138,0,90,12,50,2
03:53,0.8239,17.53,136,0,89,12,50,2
03:54,0.8270,17.14,131,0,87,12,50,2
03:55,0.8314,16.55,124,0,84,12,50,2
03:56,0.8339,16.16,117,0,81,12,50,2
03:57,0.8395,15.77,114,0,80,12,50,2
03:58,0.8420,15.58,114,0,80,12,50,2
03:59,0.8463,15.58,112,0,79,12,50,2
04:00,0.8513,15.38,112,0,79,12,50,2
04:01,0.8556,15.19,110,0,78,12,50,2
04:02,0.8587,15.19,42,0,79,13,54,-3
04:03,0.8637,16.12,43,0,80,13,54,-3
04:04,0.8662,16.32,44,0,81,13,54,-3
04:05,0.8718,16.93,46,0,83,13,54,-3
04:06,0.8755,16.93,47,0,84,13,54,-3
04:07,0.8805,17.14,48,0,85,13,54,-3
04:08,0.8842,17.34,48,0,85,13,54,-3
04:09,0.8898,17.34,48,0,85,13,54,-3
04:10,0.8948,17.54,48,0,86,13,54,-3
04:11,0.8985,17.54,48,0,86,13,54,-3
04:12,0.9041,17.54,48,0,86,13,54,-3
04:13,0.9097,17.54,48,0,86,13,54,-3
04:14,0.9134,17.54,48,0,86,13,54,-3
04:15,0.9190,17.75,49,0,87,13,54,-3
04:16,0.9246,17.75,49,0,87,13,54,-3
04:17,0.9283,17.75,49,0,87,13,54,-3
04:18,0.9339,17.75,49,0,87,13,54,-3
04:19,0.9370,17.75,48,0,86,13,54,-3
04:20,0.9420,17.75,49,0,87,13,54,-3
04:21,0.9457,17.75,48,0,86,13,54,-3
04:22,0.9507,17.75,49,0,87,13,54,-3
04:23,0.9563,17.75,49,0,87,13,54,-3
04:24,0.9600,17.75,49,0,87,13,54,-3
04:25,0.9656,17.75,48,0,86,13,54,-3
04:26,0.9693,17.54,48,0,86,13,54,-3
04:27,0.9749,17.54,48,0,86,13,54,-3
04:28,0.9805,17.54,49,0,87,13,54,-3
04:29,0.9836,17.75,49,0,87,13,54,-3
04:30,0.9898,17.75,49,0,87,13,54,-3
04:31,0.9930,17.75,50,0,88,13,54,-3
04:32,0.9985,17.95,50,0,88,13,54,-3
04:33,1.0048,17.95,50,0,88,13,54,-3
04:34,1.0085,17.95,50,0,88,13,54,-3
04:35,1.0141,17.75,49,0,87,13,54,-3
04:36,1.0172,17.75,48,0,86,13,54,-3
04:37,1.0222,17.54,48,0,85,13,54,-3
04:38,1.0277,17.54,48,0,85,13,54,-3
04:39,1.0315,17.54,48,0,85,13,54,-3
04:40,1.0371,17.54,47,0,84,13,54,-3
04:41,1.0408,17.14,47,0,84,13,54,-3
04:42,1.0458,16.93,46,0,83,13,54,-3
04:43,1.0507,16.93,46,0,83,13,54,-3
04:44,1.0545,16.93,46,0,83,13,54,-3
04:45,1.0594,17.34,76,0,86,13,54,-1
04:46,1.0632,17.54,79,0,88,13,54,-1
04:47,1.0681,17.95,81,0,89,13,54,-1
04:48,1.0712,18.15,81,0,89,13,54,-1
04:49,1.0768,18.15,81,0,89,13,54,-1
04:50,1.0824,17.95,79,0,88,13,54,-1
04:51,1.0862,17.95,78,0,87,13,54,-1
04:52,1.0924,17.75,76,0,86,13,54,-1
04:53,1.0955,17.34,75,0,85,13,54,-1
04:54,1.1011,17.34,73,0,84,13,54,-1
04:55,1.1042,17.14,73,0,84,13,54,-1
04:56,1.1098,17.14,72,0,83,13,54,-1
04:57,1.1147,16.93,72,0,83,13,54,-1
04:58,1.1185,16.93,72,0,83,13,54,-1
04:59,1.1241,17.14,122,0,85,13,54,1
05:00,1.1272,17.54,124,0,86,13,54,1
05:01,1.1328,17.54,124,0,86,13,54,1
05:02,1.1365,17.54,124,0,86,13,54,1
05:03,1.1415,17.34,122,0,85,13,54,1
05:04,1.1471,17.54,124,0,86,13,54,1
05:05,1.1502,17.75,126,0,87,13,54,1
05:06,1.1551,17.95,129,0,88,13,54,1
05:07,1.1595,17.95,129,0,88,13,54,1
05:08,1.1651,17.95,129,0,88,13,54,1
05:09,1.1707,17.95,126,0,87,13,54,1
05:10,1.1744,17.75,126,0,87,13,54,1
05:11,1.1800,17.75,124,0,86,13,54,1
05:12,1.1825,17.54,122,0,85,13,54,1
05:13,1.1874,17.34,119,0,84,13,54,1
05:14,1.1930,17.34,122,0,85,13,54,1
05:15,1.1974,17.34,122,0,85,13,54,1
05:16,1.2005,17.34,124,0,86,13,54,1
05:17,1.2061,17.54,124,0,86,13,54,1
05:18,1.2117,17.54,122,0,85,13,54,1
05:19,1.2142,17.34,119,0,84,13,54,1
05:20,1.2191,17.14,117,0,83,13,54,1
05:21,1.2222,17.14,117,0,83,13,54,1
05:22,1.2278,17.14,117,0,83,13,54,1
05:23,1.2316,16.93,117,0,83,13,54,1
05:24,1.2365,16.93,119,0,84,13,54,1
05:25,1.2421,17.14,119,0,84,13,54,1
05:26,1.2452,17.14,117,0,83,13,54,1
05:27,1.2508,16.93,115,0,82,13,54,1
05:28,1.2558,16.73,115,0,82,13,54,1
05:29,1.2589,16.73,110,0,80,13,54,1
05:30,1.2639,16.32,108,0,79,13,54,1
05:31,1.2676,15.71,108,0,79,13,54,1
05:32,1.2726,15.50,103,0,77,13,54,1
05:33,1.2757,15.71,103,0,77,14,58,0
05:34,1.2794,17.14,106,0,80,14,58,0
05:35,1.2831,17.14,108,0,81,14,58,0
05:36,1.2875,17.99,117,0,85,14,58,0
05:37,1.2918,18.21,117,0,85,14,58,0
05:38,1.2974,18.21,117,0,85,14,58,0
05:39,1.3030,17.99,115,0,84,14,58,0
05:40,1.3067,17.99,115,0,84,14,58,0
05:41,1.3130,17.99,115,0,84,14,58,0
05:42,1.3185,18.21,119,0,86,14,58,0
05:43,1.3223,18.42,122,0,87,14,58,0
05:44,1.3285,18.85,124,0,88,14,58,0
05:45,1.3322,18.85,124,0,88,14,58,0
05:46,1.3378,18.63,122,0,87,14,58,0
05:47,1.3415,18.42,117,0,85,14,58,0
05:48,1.3471,18.21,117,0,85,14,58,0
05:49,1.3527,18.42,122,0,87,14,58,0
05:50,1.3571,18.63,74,0,88,15,63,-3
05:51,1.3639,19.84,74,0,88,15,63,-3
05:52,1.3683,19.84,77,0,90,15,63,-3
05:53,1.3739,20.52,82,0,93,15,63,-3
05:54,1.3782,20.97,82,0,93,15,63,-3
05:55,1.3844,21.41,85,0,95,15,63,-3
05:56,1.3888,21.41,85,0,95,15,63,-3
05:57,1.3950,21.19,83,0,94,15,63,-3
05:58,1.4012,20.75,80,0,92,15,63,-3
05:59,1.4055,20.75,79,0,91,15,63,-3
06:00,1.4118,20.52,79,0,91,15,63,-3
06:01,1.4167,20.52,79,0,91,15,63,-3
06:02,1.4229,20.52,77,0,90,15,63,-3
06:03,1.4298,20.29,77,0,90,15,63,-3
06:04,1.4335,20.29,77,0,90,15,63,-3
06:05,1.4397,20.52,79,0,91,15,63,-3
06:06,1.4441,20.52,79,0,91,15,63,-3
06:07,1.4503,20.29,77,0,90,15,63,-3
06:08,1.4553,20.29,77,0,90,15,63,-3
06:09,1.4615,20.06,76,0,89,15,63,-3
06:10,1.4677,20.06,76,0,89,15,63,-3
06:11,1.4720,20.06,76,0,89,15,63,-3
06:12,1.4776,20.29,77,0,90,15,63,-3
06:13,1.4845,20.29,77,0,90,15,63,-3
06:14,1.4888,20.29,77,0,90,15,63,-3
06:15,1.4950,20.06,76,0,89,15,63,-3
06:16,1.4994,20.06,76,0,89,15,63,-3
06:17,1.5056,20.06,77,0,90,15,63,-3
06:18,1.5118,20.29,79,0,91,15,63,-3
06:19,1.5155,20.75,80,0,92,15,63,-3
06:20,1.5224,20.75,80,0,92,15,63,-3
06:21,1.5267,20.75,79,0,91,15,63,-3
06:22,1.5335,20.52,79,0,91,15,63,-3
06:23,1.5379,20.52,79,0,91,15,63,-3
06:24,1.5435,20.75,80,0,92,15,63,-3
06:25,1.5503,20.75,80,0,92,15,63,-3
06:26,1.5547,20.75,80,0,92,15,63,-3
06:27,1.5603,20.75,80,0,92,15,63,-3
06:28,1.5671,20.75,80,0,92,15,63,-3
06:29,1.5708,20.75,281,0,92,9,38,8
06:30,1.5758,15.76,276,0,91,9,38,8
06:31,1.5789,15.58,271,0,90,9,38,8
06:32,1.5833,15.42,253,0,86,9,38,8
06:33,1.5857,14.40,234,0,82,9,38,8
06:34,1.5907,14.40,234,0,82,9,38,8
06:35,1.5932,14.40,234,0,82,9,38,8
06:36,1.5975,13.88,230,0,81,9,38,8
06:37,1.6019,13.88,225,0,80,9,38,8
06:38,1.6044,13.71,230,0,81,9,38,8
06:39,1.6094,13.88,234,0,82,9,38,8
06:40,1.6125,14.05,234,0,82,9,38,8
06:41,1.6162,14.22,239,0,83,9,38,8
06:42,1.6193,14.22,239,0,83,9,38,8
06:43,1.6236,14.56,248,0,85,9,38,8
06:44,1.6267,14.56,248,0,85,9,38,8
06:45,1.6317,14.73,253,0,86,9,38,8
06:46,1.6348,14.73,248,0,85,9,38,8
06:47,1.6392,14.56,243,0,84,9,38,8
06:48,1.6435,14.40,248,0,85,9,38,8
06:49,1.6466,14.56,248,0,85,9,38,8
06:50,1.6510,14.73,253,0,86,9,38,8
06:51,1.6535,14.73,257,0,87,9,38,8
06:52,1.6584,14.91,257,0,87,9,38,8
06:53,1.6622,14.91,257,0,87,9,38,8
06:54,1.6665,14.73,253,0,86,9,38,8
06:55,1.6690,14.73,248,0,85,9,38,8
06:56,1.6734,14.73,253,0,86,9,38,8
06:57,1.6783,14.73,248,0,85,9,38,8
06:58,1.6814,14.56,248,0,85,9,38,8
06:59,1.6852,14.40,243,0,84,9,38,8
07:00,1.6883,14.40,243,0,84,9,38,8
07:01,1.6926,14.56,248,0,85,9,38,8
07:02,1.6957,14.56,243,0,84,9,38,8
07:03,1.7001,14.40,248,0,85,9,38,8
07:04,1.7032,14.56,253,0,86,9,38,8
07:05,1.7075,14.73,253,0,86,9,38,8
07:06,1.7125,14.73,253,0,86,9,38,8
07:07,1.7150,14.73,248,0,85,9,38,8
07:08,1.7193,14.73,253,0,86,9,38,8
07:09,1.7237,14.73,253,0,86,9,38,8
07:10,1.7274,14.73,253,0,86,9,38,8
07:11,1.7324,14.91,257,0,87,9,38,8
07:12,1.7355,14.91,257,0,87,9,38,8
07:13,1.7398,14.73,253,0,86,9,38,8
07:14,1.7429,14.56,243,0,84,9,38,8
07:15,1.7473,14.40,234,0,82,9,38,8
07:16,1.7516,13.71,225,0,80,9,38,8
07:17,1.7548,13.53,225,0,80,9,38,8
07:18,1.7591,13.71,225,0,80,9,38,8
07:19,1.7616,13.71,230,0,81,9,38,8
07:20,1.7659,14.05,239,0,83,9,38,8
07:21,1.7690,14.22,239,0,83,9,38,8
07:22,1.7734,14.22,239,0,83,9,38,8
07:23,1.7777,14.22,239,0,83,9,38,8
07:24,1.7815,14.22,239,0,83,9,38,8
07:25,1.7858,14.22,239,0,83,9,38,8
07:26,1.7883,14.22,234,0,82,9,38,8
07:27,1.7927,14.05,234,0,82,9,38,8
07:28,1.7970,14.05,234,0,82,9,38,8
07:29,1.8001,14.05,234,0,82,9,38,8
07:30,1.8045,13.88,230,0,81,9,38,8
07:31,1.8076,13.88,230,0,81,9,38,8
07:32,1.8119,13.88,230,0,81,9,38,8
07:33,1.8150,13.88,234,0,82,9,38,8
07:34,1.8194,14.05,234,0,82,9,38,8
07:35,1.8225,14.05,234,0,82,9,38,8
07:36,1.8262,13.88,230,0,81,9,38,8
07:37,1.8306,13.71,225,0,80,9,38,8
07:38,1.8337,13.53,225,0,80,9,38,8
07:39,1.8380,13.36,216,0,78,9,38,8
07:40,1.8417,13.19,216,0,78,9,38,8
07:41,1.8442,13.02,207,0,76,9,38,8
07:42,1.8473,12.84,203,0,75,9,38,8
07:43,1.8498,12.68,199,0,74,9,38,8
07:44,1.8542,12.68,199,0,74,9,38,8
07:45,1.8567,12.68,199,0,74,9,38,8
07:46,1.8604,12.51,194,0,73,9,38,8
07:47,1.8647,12.51,194,0,73,9,38,8
07:48,1.8678,12.68,199,0,74,9,38,8
07:49,1.8709,12.51,194,0,73,9,38,8
07:50,1.8734,12.51,190,0,72,9,38,8
07:51,1.8772,12.51,194,0,73,9,38,8
07:52,1.8796,12.33,194,0,73,9,38,8
07:53,1.8834,12.33,194,0,73,9,38,8
07:54,1.8871,12.51,194,0,73,9,38,8
07:55,1.8896,12.51,194,0,73,9,38,8
07:56,1.8933,12.51,194,0,73,9,38,8
07:57,1.8958,12.51,185,0,71,9,38,8
07:58,1.8995,12.16,181,0,70,9,38,8
07:59,1.9014,11.82,173,0,68,12,50,2
08:00,1.9039,13.24,86,0,67,12,50,2
08:01,1.9076,13.05,88,0,68,12,50,2
08:02,1.9113,13.24,88,0,68,12,50,2
08:03,1.9144,13.24,88,0,68,12,50,2
08:04,1.9188,13.24,88,0,68,12,50,2
08:05,1.9213,13.24,88,0,68,12,50,2
08:06,1.9256,13.43,90,0,69,12,50,2
08:07,1.9300,13.43,90,0,69,12,50,2
08:08,1.9325,13.63,94,0,71,12,50,2
08:09,1.9368,13.82,96,0,72,12,50,2
08:10,1.9399,14.02,96,0,72,12,50,2
08:11,1.9443,14.02,99,0,73,12,50,2
08:12,1.9474,14.21,99,0,73,12,50,2
08:13,1.9517,14.21,99,0,73,12,50,2
08:14,1.9561,14.40,103,0,75,12,50,2
08:15,1.9592,14.80,108,0,77,12,50,2
08:16,1.9635,14.99,216,0,78,9,38,8
08:17,1.9660,13.36,216,0,78,9,38,8
08:18,1.9697,13.36,212,0,77,9,38,8
08:19,1.9735,13.19,207,0,76,9,38,8
08:20,1.9760,13.02,207,0,76,9,38,8
08:21,1.9797,12.84,207,0,76,9,38,8
08:22,1.9828,13.02,207,0,76,9,38,8
08:23,1.9853,13.02,212,0,77,9,38,8
08:24,1.9890,13.36,216,0,78,9,38,8
08:25,1.9921,13.36,216,0,78,9,38,8
08:26,1.9958,13.36,216,0,78,9,38,8
08:27,1.9990,13.36,221,0,79,9,38,8
08:28,2.0027,13.53,221,0,79,9,38,8
08:29,2.0070,13.36,216,0,78,9,38,8
08:30,2.0101,13.36,216,0,78,9,38,8
08:31,2.0139,13.36,221,0,79,9,38,8
08:32,2.0176,13.53,216,0,78,9,38,8
08:33,2.0207,13.36,216,0,78,9,38,8
08:34,2.0250,13.36,216,0,78,9,38,8
08:35,2.0275,13.36,212,0,77,9,38,8
08:36,2.0313,13.19,207,0,76,9,38,8
08:37,2.0344,12.84,203,0,75,9,38,8
08:38,2.0375,12.84,203,0,75,9,38,8
08:39,2.0412,13.02,207,0,76,9,38,8
08:40,2.0449,13.02,207,0,76,9,38,8
08:41,2.0474,13.02,216,0,78,9,38,8
08:42,2.0511,13.36,221,0,79,9,38,8
08:43,2.0536,13.53,221,0,79,9,38,8
08:44,2.0580,13.53,221,0,79,9,38,8
08:45,2.0623,13.53,216,0,78,9,38,8
08:46,2.0648,13.36,216,0,78,9,38,8
08:47,2.0692,13.36,216,0,78,9,38,8
08:48,2.0723,13.36,216,0,78,9,38,8
08:49,2.0760,13.36,212,0,77,9,38,8
08:50,2.0791,13.19,212,0,77,9,38,8
08:51,2.0828,13.19,212,0,77,9,38,8
08:52,2.0872,13.19,212,0,77,9,38,8
08:53,2.0897,13.19,216,0,78,9,38,8
08:54,2.0934,13.71,225,0,80,9,38,8
08:55,2.0965,13.71,225,0,80,9,38,8
08:56,2.1009,13.71,221,0,79,9,38,8
08:57,2.1040,14.71,172,0,79,11,46,5
08:58,2.1083,14.53,169,0,78,11,46,5
08:59,2.1114,14.53,162,0,76,11,46,5
09:00,2.1158,14.15,159,0,75,11,46,5
09:01,2.1201,13.78,152,0,73,11,46,5
09:02,2.1226,13.60,149,0,72,11,46,5
09:03,2.1270,13.40,149,0,72,11,46,5
09:04,2.1301,13.40,149,0,72,11,46,5
09:05,2.1338,13.40,149,0,72,11,46,5
09:06,2.1363,13.40,146,0,71,11,46,5
09:07,2.1406,13.40,152,0,73,11,46,5
09:08,2.1444,13.60,156,0,74,11,46,5
09:09,2.1468,13.78,159,0,75,11,46,5
09:10,2.1512,13.97,156,0,74,11,46,5
09:11,2.1543,13.78,152,0,73,11,46,5
09:12,2.1586,13.60,152,0,73,11,46,5
09:13,2.1624,13.78,156,0,74,11,46,5
09:14,2.1661,13.97,159,0,75,11,46,5
09:15,2.1704,13.97,159,0,75,11,46,5
09:16,2.1729,13.97,159,0,75,11,46,5
09:17,2.1773,13.78,156,0,74,11,46,5
09:18,2.1816,13.78,156,0,74,11,46,5
09:19,2.1847,13.78,156,0,74,11,46,5
09:20,2.1885,13.78,152,0,73,11,46,5
09:21,2.1916,13.60,152,0,73,11,46,5
09:22,2.1959,13.60,152,0,73,11,46,5
09:23,2.1984,13.60,149,0,72,11,46,5
09:24,2.2021,13.40,149,0,72,11,46,5
09:25,2.2046,13.40,152,0,73,11,46,5
09:26,2.2090,13.78,159,0,75,11,46,5
09:27,2.2127,13.97,159,0,75,11,46,5
09:28,2.2158,13.97,159,0,75,11,46,5
09:29,2.2202,13.97,159,0,75,11,46,5
09:30,2.2239,13.97,159,0,75,11,46,5
09:31,2.2282,13.97,159,0,75,11,46,5
09:32,2.2326,13.97,162,0,76,11,46,5
09:33,2.2351,14.15,162,0,76,11,46,5
09:34,2.2394,13.97,159,0,75,11,46,5
09:35,2.2438,13.97,162,0,76,11,46,5
09:36,2.2469,14.15,166,0,77,11,46,5
09:37,2.2506,14.34,166,0,77,11,46,5
09:38,2.2543,14.34,166,0,77,11,46,5
09:39,2.2587,14.53,169,0,78,11,46,5
09:40,2.2618,14.53,169,0,78,11,46,5
09:41,2.2668,14.53,166,0,77,11,46,5
09:42,2.2711,14.34,162,0,76,11,46,5
09:43,2.2736,14.34,159,0,75,11,46,5
09:44,2.2779,14.15,162,0,76,11,46,5
09:45,2.2811,14.15,166,0,77,11,46,5
09:46,2.2854,14.34,166,0,77,11,46,5
09:47,2.2904,14.34,166,0,77,11,46,5
09:48,2.2929,14.34,166,0,77,11,46,5
09:49,2.2978,14.34,166,0,77,11,46,5
09:50,2.3003,14.34,169,0,78,11,46,5
09:51,2.3047,14.71,172,0,79,11,46,5
09:52,2.3096,14.71,172,0,79,11,46,5
09:53,2.3127,14.90,176,0,80,11,46,5
09:54,2.3171,14.71,172,0,79,11,46,5
09:55,2.3202,14.53,169,0,78,11,46,5
09:56,2.3245,14.34,166,0,77,11,46,5
09:57,2.3277,14.34,166,0,77,11,46,5
09:58,2.3320,14.34,162,0,76,11,46,5
09:59,2.3364,14.15,159,0,75,11,46,5
10:00,2.3388,13.78,152,0,73,11,46,5
10:01,2.3413,13.40,146,0,71,11,46,5
10:02,2.3444,13.22,142,0,70,11,46,5
10:03,2.3475,12.84,139,0,69,11,46,5
10:04,2.3506,12.84,139,0,69,11,46,5
10:05,2.3538,13.40,149,0,72,11,46,5
10:06,2.3575,13.40,152,0,73,11,46,5
10:07,2.3600,13.78,159,0,75,11,46,5
10:08,2.3631,13.97,162,0,76,13,54,-2
10:09,2.3680,15.71,51,0,77,13,54,-2
10:10,2.3724,15.91,54,0,79,13,54,-2
10:11,2.3755,16.32,56,0,81,13,54,-2
10:12,2.3799,16.52,56,0,81,13,54,-2
10:13,2.3836,16.52,56,0,81,13,54,-2
10:14,2.3886,16.32,55,0,80,13,54,-2
10:15,2.3929,16.12,54,0,79,13,54,-2
10:16,2.3966,16.12,55,0,80,13,54,-2
10:17,2.4016,16.32,56,0,81,13,54,-2
10:18,2.4041,16.52,57,0,82,13,54,-2
10:19,2.4091,16.93,59,0,83,13,54,-2
10:20,2.4146,16.93,60,0,84,13,54,-2
10:21,2.4178,17.14,61,0,85,13,54,-2
10:22,2.4233,17.34,61,0,85,13,54,-2
10:23,2.4265,17.34,61,0,85,13,54,-2
10:24,2.4327,17.34,61,0,85,13,54,-2
10:25,2.4370,17.34,60,0,84,13,54,-2
10:26,2.4414,17.14,57,0,82,13,54,-2
10:27,2.4451,17.14,57,0,82,13,54,-2
10:28,2.4501,17.14,61,0,85,13,54,-2
10:29,2.4532,17.34,61,0,85,13,54,-2
10:30,2.4581,17.34,61,0,85,13,54,-2
10:31,2.4637,17.34,60,0,84,13,54,-2
10:32,2.4681,17.14,60,0,84,13,54,-2
10:33,2.4731,17.14,61,0,85,13,54,-2
10:34,2.4768,17.34,61,0,85,13,54,-2
10:35,2.4811,17.54,62,0,86,13,54,-2
10:36,2.4849,17.54,62,0,86,13,54,2
10:37,2.4905,17.14,147,0,84,13,54,2
10:38,2.4948,16.93,141,0,82,13,54,2
10:39,2.4979,16.52,136,0,80,13,54,2
10:40,2.5023,16.12,130,0,78,13,54,2
10:41,2.5054,16.12,133,0,79,13,54,2
10:42,2.5097,16.52,141,0,82,13,54,2
10:43,2.5147,16.93,144,0,83,13,54,2
10:44,2.5178,16.93,144,0,83,13,54,2
10:45,2.5234,17.14,147,0,84,13,54,2
10:46,2.5265,17.14,150,0,85,13,54,2
10:47,2.5321,17.34,147,0,84,13,54,2
10:48,2.5352,17.34,144,0,83,13,54,2
10:49,2.5408,16.93,144,0,83,13,54,2
10:50,2.5458,17.14,147,0,84,13,54,2
10:51,2.5489,17.14,150,0,85,13,54,2
10:52,2.5545,17.34,150,0,85,13,54,2
10:53,2.5594,17.54,152,0,86,13,54,2
10:54,2.5632,17.34,152,0,86,13,54,2
10:55,2.5687,17.34,152,0,86,13,54,2
10:56,2.5725,17.34,152,0,86,13,54,2
10:57,2.5781,17.54,152,0,86,13,54,2
10:58,2.5818,17.54,152,0,86,14,58,0
10:59,2.5874,18.42,117,0,85,14,58,0
11:00,2.5930,17.99,112,0,83,14,58,0
11:01,2.5967,17.78,112,0,83,14,58,0
11:02,2.6023,17.78,112,0,83,14,58,0
11:03,2.6067,17.78,112,0,83,14,58,0
11:04,2.6122,17.78,112,0,83,14,58,0
11:05,2.6154,17.78,115,0,84,14,58,0
11:06,2.6209,18.21,117,0,85,14,58,0
11:07,2.6272,18.21,117,0,85,14,58,0
11:08,2.6303,18.21,115,0,84,14,58,0
11:09,2.6359,18.21,117,0,85,14,58,0
11:10,2.6421,18.21,119,0,86,14,58,0
11:11,2.6464,18.42,48,0,86,13,54,-3
11:12,2.6501,17.54,48,0,86,13,54,-3
11:13,2.6551,17.34,48,0,85,13,54,-3
11:14,2.6607,17.34,48,0,85,13,54,-3
11:15,2.6638,17.34,48,0,86,13,54,-3
11:16,2.6694,17.54,48,0,86,13,54,-3
11:17,2.6750,17.54,48,0,86,13,54,-3
11:18,2.6787,17.75,49,0,87,13,54,-3
11:19,2.6843,17.75,50,0,88,13,54,-3
11:20,2.6874,17.95,50,0,88,13,54,-3
11:21,2.6930,17.95,50,0,88,13,54,-3
11:22,2.6986,17.95,50,0,88,13,54,-3
11:23,2.7023,17.95,50,0,88,13,54,-3
11:24,2.7079,17.95,50,0,88,13,54,-3
11:25,2.7117,17.95,50,0,88,13,54,-3
11:26,2.7173,18.15,51,0,89,13,54,-3
11:27,2.7228,18.15,50,0,88,13,54,-3
11:28,2.7272,17.95,50,0,88,13,54,-3
11:29,2.7328,17.95,50,0,88,13,54,-3
11:30,2.7365,17.95,51,0,89,13,54,-3
11:31,2.7421,18.15,51,0,89,13,54,-3
11:32,2.7477,18.15,51,0,89,13,54,-3
11:33,2.7521,18.15,51,0,89,13,54,-3
11:34,2.7576,18.36,52,0,90,13,54,-3
11:35,2.7632,18.36,53,0,91,13,54,-3
11:36,2.7670,18.56,53,0,91,13,54,-3
11:37,2.7732,18.56,53,0,91,13,54,-3
11:38,2.7769,18.56,53,0,91,13,54,-3
11:39,2.7825,18.56,53,0,91,13,54,-3
11:40,2.7887,18.56,53,0,91,13,54,-3
11:41,2.7924,18.56,53,0,91,13,54,-3
11:42,2.7980,18.56,53,0,91,13,54,-3
11:43,2.8030,18.56,53,0,91,13,54,-3
11:44,2.8086,18.56,53,0,91,13,54,-3
11:45,2.8142,18.56,53,0,91,13,54,-3
11:46,2.8185,18.56,53,0,91,13,54,-3
11:47,2.8241,18.56,52,0,90,13,54,-3
11:48,2.8297,18.36,53,0,91,13,54,-3
11:49,2.8335,18.56,53,0,91,13,54,-3
11:50,2.8390,18.56,53,0,91,13,54,-3
11:51,2.8434,18.56,54,0,92,13,54,-3
11:52,2.8490,18.76,55,0,93,13,54,-3
11:53,2.8527,18.97,55,0,93,13,54,-3
11:54,2.8583,19.17,57,0,94,13,54,-3
11:55,2.8645,18.97,57,0,94,13,54,-3
11:56,2.8676,18.97,54,0,92,13,54,-3
11:57,2.8738,18.76,53,0,91,13,54,-3
11:58,2.8794,18.56,54,0,92,13,54,-3
11:59,2.8832,18.76,54,0,92,13,54,-3
12:00,2.8894,18.97,57,0,94,13,54,-3
12:01,2.8931,19.17,58,0,95,13,54,-3
12:02,2.8987,19.58,59,0,96,13,54,-3
12:03,2.9030,19.58,59,0,96,13,54,-3
12:04,2.9086,19.38,58,0,95,13,54,-3
12:05,2.9149,19.17,58,0,95,13,54,-3
12:06,2.9186,19.17,58,0,95,13,54,-3
12:07,2.9248,19.17,58,0,95,13,54,-3
12:08,2.9291,19.17,58,0,95,13,54,-3
12:09,2.9354,19.17,55,0,93,13,54,-3
12:10,2.9403,18.97,54,0,92,13,54,-3
12:11,2.9447,18.97,53,0,91,13,54,-3
12:12,2.9503,18.56,54,0,92,13,54,-3
12:13,2.9559,18.76,55,0,93,13,54,-3
12:14,2.9596,18.97,57,0,94,13,54,-3
12:15,2.9658,19.17,55,0,93,13,54,-3
12:16,2.9695,18.97,55,0,93,13,54,-3
12:17,2.9751,18.76,54,0,92,13,54,-3
12:18,2.9807,18.56,54,0,92,13,54,-3
12:19,2.9844,18.56,54,0,92,13,54,-3
12:20,2.9900,18.76,54,0,92,13,54,-3
12:21,2.9944,18.76,54,0,92,13,54,-3
12:22,3.0000,18.97,55,0,93,13,54,-3
12:23,3.0056,18.97,54,0,92,13,54,-3
12:24,3.0093,18.76,53,0,91,13,54,-3
12:25,3.0149,18.56,53,0,91,13,54,-3
12:26,3.0192,18.56,53,0,91,13,54,-3
12:27,3.0242,18.76,54,0,92,13,54,-3
12:28,3.0298,18.97,55,0,93,13,54,-3
12:29,3.0335,18.97,57,0,94,13,54,-3
12:30,3.0397,19.17,55,0,93,13,54,-3
12:31,3.0453,19.17,55,0,93,13,54,-3
12:32,3.0503,19.17,55,0,93,13,54,2
12:33,3.0559,19.17,173,0,93,13,54,2
12:34,3.0596,18.76,170,0,92,13,54,2
12:35,3.0652,18.56,164,0,90,13,54,2
12:36,3.0690,18.36,164,0,90,13,54,2
12:37,3.0752,18.36,164,0,90,13,54,2
12:38,3.0801,18.56,167,0,91,13,54,2
12:39,3.0845,18.56,170,0,92,13,54,2
12:40,3.0907,18.97,173,0,93,13,54,2
12:41,3.0944,18.76,167,0,91,13,54,2
12:42,3.1000,18.56,164,0,90,13,54,2
12:43,3.1037,18.36,164,0,90,13,54,2
12:44,3.1100,18.36,161,0,89,13,54,2
12:45,3.1149,18.15,158,0,88,13,54,2
12:46,3.1187,17.75,152,0,86,13,54,2
12:47,3.1224,17.34,152,0,86,13,54,2
12:48,3.1280,17.34,152,0,86,13,54,2
12:49,3.1330,17.34,147,0,84,13,54,2
12:50,3.1367,17.14,147,0,84,13,54,2
12:51,3.1423,17.14,147,0,84,13,54,2
12:52,3.1472,17.14,147,0,84,13,54,2
12:53,3.1510,17.14,147,0,84,13,54,2
12:54,3.1559,17.34,152,0,86,13,54,2
12:55,3.1591,17.54,150,0,85,13,54,2
12:56,3.1646,17.34,147,0,84,13,54,2
12:57,3.1690,17.14,147,0,84,13,54,2
12:58,3.1746,17.14,147,0,84,13,54,2
12:59,3.1783,17.14,147,0,84,13,54,2
13:00,3.1833,17.14,147,0,84,13,54,2
13:01,3.1889,17.14,147,0,84,13,54,2
13:02,3.1926,17.14,150,0,85,13,54,2
13:03,3.1976,17.34,150,0,85,13,54,2
13:04,3.2007,17.34,150,0,85,13,54,2
13:05,3.2063,17.54,152,0,86,13,54,2
13:06,3.2119,17.54,152,0,86,13,54,2
13:07,3.2156,17.54,152,0,86,13,54,2
13:08,3.2212,17.34,150,0,85,13,54,2
13:09,3.2243,17.34,147,0,84,13,54,2
13:10,3.2293,17.14,144,0,83,13,54,2
13:11,3.2349,17.14,144,0,83,13,54,2
13:12,3.2380,17.14,141,0,82,13,54,2
13:13,3.2442,16.73,141,0,82,13,54,2
13:14,3.2467,16.73,138,0,81,13,54,2
13:15,3.2523,16.52,136,0,80,13,54,2
13:16,3.2572,16.32,136,0,80,13,54,2
13:17,3.2603,16.32,136,0,80,13,54,-1
13:18,3.2659,16.32,67,0,79,13,54,-1
13:19,3.2690,16.12,67,0,79,13,54,-1
13:20,3.2740,16.32,69,0,81,13,54,-1
13:21,3.2765,16.52,70,0,82,13,54,-1
13:22,3.2815,17.14,76,0,86,13,54,-1
13:23,3.2839,17.54,78,0,87,13,54,-1
13:24,3.2889,17.95,79,0,88,13,54,-1
13:25,3.2951,17.95,79,0,88,13,54,-1
13:26,3.2989,17.95,79,0,88,13,54,-1
13:27,3.3045,17.75,78,0,87,13,54,-1
13:28,3.3082,17.75,78,0,87,13,54,-1
13:29,3.3144,17.75,78,0,87,13,54,-1
13:30,3.3194,17.75,78,0,87,13,54,-1
13:31,3.3231,17.75,76,0,86,13,54,-1
13:32,3.3287,17.54,76,0,86,13,54,-1
13:33,3.3324,17.54,76,0,86,13,54,-1
13:34,3.3374,17.75,78,0,87,13,54,-1
13:35,3.3430,17.75,78,0,87,13,54,-1
13:36,3.3467,17.75,79,0,88,13,54,-1
13:37,3.3523,18.15,81,0,89,13,54,-1
13:38,3.3560,18.15,81,0,89,13,54,-1
13:39,3.3622,17.95,66,0,88,13,54,-2
13:40,3.3660,17.95,66,0,88,13,54,-2
13:41,3.3709,18.15,66,0,89,13,54,-2
13:42,3.3765,18.15,66,0,89,13,54,-2
13:43,3.3803,18.15,65,0,88,13,54,-2
13:44,3.3871,17.95,65,0,88,13,54,-2
13:45,3.3908,17.95,65,0,88,13,54,-2
13:46,3.3964,18.15,67,0,90,13,54,-2
13:47,3.4001,18.36,67,0,90,13,54,-2
13:48,3.4057,18.36,66,0,89,13,54,-2
13:49,3.4113,18.15,66,0,89,13,54,-2
13:50,3.4151,18.15,66,0,89,13,54,-2
13:51,3.4206,18.15,67,0,90,13,54,-2
13:52,3.4269,18.36,67,0,90,13,54,-2
13:53,3.4306,18.36,67,0,90,13,54,-2
13:54,3.4362,18.36,66,0,89,13,54,-2
13:55,3.4405,18.15,66,0,89,13,54,-2
13:56,3.4461,17.95,65,0,88,13,54,-2
13:57,3.4517,17.95,65,0,88,13,54,-2
13:58,3.4554,17.95,65,0,88,13,54,-2
13:59,3.4610,17.75,64,0,87,13,54,-2
14:00,3.4641,17.75,62,0,86,13,54,-2
14:01,3.4691,17.54,61,0,85,13,54,-2
14:02,3.4722,14.56,110,0,84,9,38,4
14:03,3.4772,14.40,110,0,84,9,38,4
14:04,3.4797,14.40,108,0,83,9,38,4
14:05,3.4840,14.22,106,0,82,9,38,4
14:06,3.4884,14.22,106,0,82,9,38,4
14:07,3.4915,14.22,106,0,82,9,38,4
14:08,3.4958,14.22,106,0,82,9,38,4
14:09,3.4989,14.22,104,0,81,9,38,4
14:10,3.5033,13.88,106,0,82,9,38,4
14:11,3.5076,14.05,108,0,83,11,46,4
14:12,3.5101,15.45,162,0,86,11,46,4
14:13,3.5151,16.01,162,0,86,11,46,4
14:14,3.5182,16.01,159,0,85,11,46,4
14:15,3.5232,15.83,159,0,85,11,46,4
14:16,3.5281,15.83,159,0,85,11,46,4
14:17,3.5313,15.83,162,0,86,11,46,4
14:18,3.5362,16.01,162,0,86,11,46,4
14:19,3.5418,16.01,162,0,86,11,46,4
14:20,3.5449,16.01,162,0,86,11,46,4
14:21,3.5499,16.01,162,0,86,11,46,4
14:22,3.5549,16.01,162,0,86,11,46,4
14:23,3.5580,16.01,162,0,86,11,46,4
14:24,3.5636,15.83,159,0,85,11,46,4
14:25,3.5667,15.83,156,0,84,11,46,4
14:26,3.5723,15.64,156,0,84,11,46,4
14:27,3.5747,15.64,159,0,85,11,46,4
14:28,3.5797,15.83,159,0,85,11,46,4
14:29,3.5828,15.83,159,0,85,11,46,4
14:30,3.5872,15.45,153,0,83,11,46,4
14:31,3.5921,15.45,150,0,82,11,46,4
14:32,3.5946,15.27,153,0,83,11,46,4
14:33,3.5996,15.64,156,0,84,11,46,4
14:34,3.6040,15.83,159,0,85,11,46,4
14:35,3.6077,15.64,156,0,84,11,46,4
14:36,3.6120,15.64,153,0,83,11,46,4
14:37,3.6151,15.45,153,0,83,11,46,4
14:38,3.6201,15.45,156,0,84,11,46,4
14:39,3.6245,15.83,159,0,85,11,46,4
14:40,3.6276,15.83,162,0,86,11,46,4
14:41,3.6332,16.01,159,0,85,11,46,4
14:42,3.6363,16.01,159,0,85,11,46,4
14:43,3.6412,16.01,159,0,85,11,46,4
14:44,3.6462,16.01,156,0,84,11,46,4
14:45,3.6493,15.64,153,0,83,11,46,4
14:46,3.6537,15.45,150,0,82,11,46,4
14:47,3.6561,15.27,150,0,82,11,46,4
14:48,3.6611,15.27,150,0,82,11,46,4
14:49,3.6661,15.27,150,0,82,11,46,4
14:50,3.6692,15.27,150,0,82,11,46,4
14:51,3.6735,15.08,147,0,81,11,46,4
14:52,3.6785,15.08,147,0,81,11,46,4
14:53,3.6810,15.08,144,0,80,11,46,4
14:54,3.6854,14.90,141,0,79,11,46,4
14:55,3.6885,14.90,139,0,78,11,46,4
14:56,3.6928,14.71,141,0,79,11,46,4
14:57,3.6978,14.71,141,0,79,11,46,4
14:58,3.7009,14.71,141,0,79,11,46,4
14:59,3.7059,14.90,144,0,80,11,46,4
15:00,3.7090,14.90,144,0,80,11,46,4
15:01,3.7133,14.90,144,0,80,11,46,4
15:02,3.7183,14.90,144,0,80,11,46,4
15:03,3.7214,14.90,144,0,80,11,46,4
15:04,3.7257,14.90,144,0,80,11,46,4
15:05,3.7288,15.58,44,0,79,12,50,-2
15:06,3.7338,15.58,45,0,80,12,50,-2
15:07,3.7363,15.58,47,0,82,12,50,-2
15:08,3.7413,16.16,49,0,84,12,50,-2
15:09,3.7456,16.55,50,0,85,12,50,-2
15:10,3.7494,16.55,50,0,85,12,50,-2
15:11,3.7537,16.75,51,0,86,12,50,-2
15:12,3.7593,16.75,51,0,86,12,50,-2
15:13,3.7630,16.75,51,0,86,12,50,-2
15:14,3.7686,16.75,51,0,86,12,50,-2
15:15,3.7717,16.75,51,0,86,12,50,-2
15:16,3.7773,16.75,52,0,87,12,50,-2
15:17,3.7823,16.93,52,0,87,12,50,-2
15:18,3.7860,16.93,52,0,87,12,50,-2
15:19,3.7910,17.14,53,0,88,12,50,-2
15:20,3.7960,17.14,53,0,88,12,50,-2
15:21,3.7997,17.14,53,0,88,12,50,-2
15:22,3.8053,17.14,53,0,88,12,50,-2
15:23,3.8090,17.14,53,0,88,12,50,-2
15:24,3.8134,17.14,53,0,88,12,50,-2
15:25,3.8177,17.14,53,0,88,12,50,-2
15:26,3.8227,16.93,52,0,87,12,50,-2
15:27,3.8283,16.93,52,0,87,12,50,-2
15:28,3.8320,16.93,52,0,87,12,50,-2
15:29,3.8370,16.93,52,0,87,12,50,-2
15:30,3.8407,16.93,52,0,87,12,50,-2
15:31,3.8463,16.93,52,0,87,12,50,-2
15:32,3.8513,16.93,53,0,88,12,50,-2
15:33,3.8550,17.14,53,0,88,12,50,-2
15:34,3.8600,17.14,53,0,88,12,50,-2
15:35,3.8655,17.14,53,0,88,12,50,-2
15:36,3.8687,17.14,52,0,87,12,50,-2
15:37,3.8736,16.93,53,0,88,12,50,-2
15:38,3.8780,17.14,53,0,88,12,50,-2
15:39,3.8829,17.14,53,0,88,12,50,-2
15:40,3.8885,17.14,54,0,89,12,50,-2
15:41,3.8916,17.32,54,0,89,12,50,-2
15:42,3.8966,17.53,55,0,90,12,50,-2
15:43,3.9022,17.53,55,0,90,12,50,-2
15:44,3.9059,17.53,55,0,90,12,50,-2
15:45,3.9115,18.36,164,0,90,13,54,2
15:46,3.9171,18.36,161,0,89,13,54,2
15:47,3.9209,18.15,158,0,88,13,54,2
15:48,3.9258,17.54,150,0,85,13,54,2
15:49,3.9296,17.54,150,0,85,13,54,2
15:50,3.9345,17.14,147,0,84,13,54,2
15:51,3.9389,16.93,141,0,82,13,54,2
15:52,3.9420,16.93,138,0,81,13,54,2
15:53,3.9476,16.52,141,0,82,13,54,2
15:54,3.9513,16.73,141,0,82,13,54,2
15:55,3.9569,16.93,147,0,84,13,54,2
15:56,3.9594,17.14,150,0,85,13,54,2
15:57,3.9643,17.54,152,0,86,13,54,2
15:58,3.9699,17.54,152,0,86,13,54,2
15:59,3.9737,17.54,152,0,86,13,54,2
16:00,3.9793,17.54,152,0,86,13,54,2
16:01,3.9849,17.54,152,0,86,13,54,2
16:02,3.9886,17.54,152,0,86,13,54,2
16:03,3.9942,17.54,152,0,86,13,54,2
16:04,3.9979,17.54,152,0,86,13,54,2
16:05,4.0029,17.34,150,0,85,13,54,2
16:06,4.0060,17.14,150,0,85,13,54,2
16:07,4.0109,17.54,152,0,86,13,54,2
16:08,4.0165,17.54,152,0,86,13,54,2
16:09,4.0203,17.54,152,0,86,13,54,2
16:10,4.0259,17.34,150,0,85,13,54,2
16:11,4.0290,17.14,150,0,85,13,54,2
16:12,4.0346,17.14,150,0,85,13,54,2
16:13,4.0389,17.54,155,0,87,13,54,2
16:14,4.0426,17.75,158,0,88,13,54,2
16:15,4.0476,17.95,161,0,89,13,54,2
16:16,4.0513,18.15,161,0,89,13,54,2
16:17,4.0576,18.36,164,0,90,13,54,2
16:18,4.0619,17.53,204,0,90,12,50,4
16:19,4.0675,17.53,200,0,89,12,50,4
16:20,4.0700,17.32,197,0,88,12,50,4
16:21,4.0756,17.14,194,0,87,12,50,4
16:22,4.0799,17.14,197,0,88,12,50,4
16:23,4.0837,16.93,197,0,88,12,50,4
16:24,4.0886,17.14,194,0,87,12,50,4
16:25,4.0917,16.93,197,0,88,12,50,4
16:26,4.0967,17.14,194,0,87,12,50,4
16:27,4.1004,16.93,194,0,87,12,50,4
16:28,4.1060,16.93,190,0,86,12,50,4
16:29,4.1097,16.75,190,0,86,12,50,4
16:30,4.1147,16.93,194,0,87,12,50,4
16:31,4.1197,17.14,200,0,89,12,50,4
16:32,4.1228,17.32,197,0,88,12,50,4
16:33,4.1278,17.14,194,0,87,12,50,4
16:34,4.1309,17.14,190,0,86,12,50,4
16:35,4.1365,16.75,190,0,86,12,50,4
16:36,4.1414,16.75,187,0,85,12,50,4
16:37,4.1445,16.55,187,0,85,12,50,4
16:38,4.1501,16.55,190,0,86,12,50,4
16:39,4.1532,16.75,190,0,86,12,50,4
16:40,4.1582,16.55,187,0,85,12,50,4
16:41,4.1626,16.35,180,0,83,12,50,4
16:42,4.1663,15.96,176,0,82,12,50,4
16:43,4.1713,16.16,183,0,84,12,50,4
16:44,4.1744,16.55,187,0,85,12,50,4
16:45,4.1793,16.75,190,0,86,12,50,4
16:46,4.1824,16.75,190,0,86,12,50,4
16:47,4.1880,16.75,190,0,86,12,50,4
16:48,4.1930,16.75,187,0,85,12,50,4
16:49,4.1967,16.55,187,0,85,12,50,4
16:50,4.2023,16.35,187,0,85,12,50,4
16:51,4.2048,16.55,190,0,86,12,50,4
16:52,4.2098,16.75,187,0,85,12,50,4
16:53,4.2148,16.75,190,0,86,12,50,4
16:54,4.2185,16.75,190,0,86,12,50,4
16:55,4.2235,16.93,194,0,87,12,50,4
16:56,4.2291,16.93,190,0,86,12,50,4
16:57,4.2328,16.75,190,0,86,12,50,4
16:58,4.2378,16.93,194,0,87,12,50,4
16:59,4.2415,17.14,197,0,88,12,50,4
17:00,4.2471,17.14,197,0,88,12,50,4
17:01,4.2502,17.14,197,0,88,12,50,4
17:02,4.2558,17.14,197,0,88,12,50,4
17:03,4.2607,17.32,200,0,89,12,50,4
17:04,4.2638,17.14,200,0,89,12,50,4
17:05,4.2694,17.14,194,0,87,12,50,4
17:06,4.2750,16.93,194,0,87,12,50,4
17:07,4.2781,16.93,194,0,87,12,50,4
17:08,4.2837,16.93,190,0,86,12,50,4
17:09,4.2868,16.75,190,0,86,12,50,4
17:10,4.2918,16.75,187,0,85,12,50,4
17:11,4.2968,16.55,187,0,85,12,50,4
17:12,4.2999,16.55,187,0,85,12,50,4
17:13,4.3055,16.55,183,0,84,12,50,4
17:14,4.3111,16.35,183,0,84,12,50,4
17:15,4.3136,16.16,180,0,83,12,50,4
17:16,4.3185,16.16,180,0,83,12,50,4
17:17,4.3223,16.16,176,0,82,12,50,4
17:18,4.3272,15.96,176,0,82,12,50,4
17:19,4.3303,15.96,176,0,82,12,50,4
17:20,4.3353,15.96,176,0,82,12,50,4
17:21,4.3403,15.96,176,0,82,12,50,4
17:22,4.3440,15.96,176,0,82,12,50,4
17:23,4.3490,15.96,173,0,81,12,50,4
17:24,4.3539,15.77,173,0,81,12,50,4
17:25,4.3571,15.58,169,0,80,12,50,4
17:26,4.3614,15.38,166,0,79,12,50,4
17:27,4.3645,15.38,166,0,79,12,50,4
17:28,4.3689,15.58,169,0,80,12,50,4
17:29,4.3720,15.58,169,0,80,12,50,4
17:30,4.3769,15.77,176,0,82,12,50,4
17:31,4.3819,15.96,176,0,82,12,50,4
17:32,4.3850,16.16,180,0,83,12,50,4
17:33,4.3894,15.96,180,0,83,12,50,4
17:34,4.3931,15.96,180,0,83,12,50,4
17:35,4.3981,15.96,180,0,83,12,50,4
17:36,4.4030,16.93,173,0,83,13,54,3
17:37,4.4061,16.73,170,0,82,13,54,3
17:38,4.4111,16.73,166,0,81,13,54,3
17:39,4.4148,16.52,166,0,81,13,54,3
17:40,4.4204,16.52,163,0,80,13,54,3
17:41,4.4235,16.32,163,0,80,13,54,3
17:42,4.4285,16.32,163,0,80,13,54,3
17:43,4.4335,16.32,160,0,79,13,54,3
17:44,4.4366,16.12,160,0,79,13,54,3
17:45,4.4416,16.32,163,0,80,13,54,3
17:46,4.4465,16.32,163,0,80,13,54,3
17:47,4.4503,16.32,163,0,80,13,54,3
17:48,4.4559,16.32,163,0,80,13,54,3
17:49,4.4583,16.32,166,0,81,13,54,3
17:50,4.4639,16.52,163,0,80,13,54,3
17:51,4.4664,16.12,157,0,78,13,54,3
17:52,4.4714,15.91,151,0,76,13,54,3
17:53,4.4745,15.50,148,0,75,13,54,3
17:54,4.4801,15.30,148,0,75,13,54,3
17:55,4.4832,15.30,148,0,75,13,54,3
17:56,4.4882,15.30,148,0,75,13,54,3
17:57,4.4925,15.30,148,0,75,13,54,3
17:58,4.4962,15.30,145,0,74,13,54,3
17:59,4.5006,15.09,142,0,73,13,54,3
18:00,4.5031,15.09,139,0,72,13,54,3
18:01,4.5074,14.68,136,0,71,13,54,3
18:02,4.5105,14.68,139,0,72,13,54,3
18:03,4.5149,14.68,139,0,72,13,54,3
18:04,4.5199,14.68,139,0,72,13,54,3
18:05,4.5230,14.68,139,0,72,13,54,3
18:06,4.5279,14.68,136,0,71,13,54,3
18:07,4.5304,14.48,136,0,71,13,54,3
18:08,4.5348,14.48,136,0,71,13,54,3
18:09,4.5391,14.27,133,0,70,13,54,3
18:10,4.5422,14.27,133,0,70,13,54,3
18:11,4.5466,14.48,136,0,71,13,54,3
18:12,4.5509,14.68,142,0,73,13,54,3
18:13,4.5540,14.89,142,0,73,13,54,3
18:14,4.5584,14.89,142,0,73,13,54,3
18:15,4.5615,14.89,142,0,73,13,54,3
18:16,4.5665,14.89,142,0,73,13,54,3
18:17,4.5708,14.89,142,0,73,13,54,3
18:18,4.5739,14.89,142,0,73,13,54,3
18:19,4.5789,14.89,139,0,72,13,54,3
18:20,4.5832,14.68,139,0,72,13,54,3
18:21,4.5870,14.68,136,0,71,13,54,3
18:22,4.5913,14.48,136,0,71,13,54,3
18:23,4.5944,14.48,136,0,71,13,54,3
18:24,4.5988,14.48,136,0,71,13,54,3
18:25,4.6031,14.48,133,0,70,13,54,3
18:26,4.6062,14.27,133,0,70,13,54,3
18:27,4.6106,14.07,130,0,69,13,54,3
18:28,4.6131,14.07,133,0,70,13,54,3
18:29,4.6174,14.48,136,0,71,13,54,3
18:30,4.6205,14.48,139,0,72,13,54,3
18:31,4.6249,14.68,139,0,72,13,54,3
18:32,4.6298,14.48,136,0,71,13,54,3
18:33,4.6329,14.48,136,0,71,13,54,3
18:34,4.6373,14.48,136,0,71,13,54,3
18:35,4.6416,14.48,136,0,71,13,54,3
18:36,4.6441,14.48,133,0,70,13,54,3
18:37,4.6485,14.27,130,0,69,13,54,3
18:38,4.6516,13.86,130,0,69,13,54,3
18:39,4.6559,13.66,124,0,67,13,54,3
18:40,4.6603,13.46,121,0,66,13,54,3
18:41,4.6628,13.46,118,0,65,13,54,3
18:42,4.6671,13.25,118,0,65,13,54,3
18:43,4.6702,13.25,118,0,65,13,54,3
18:44,4.6746,13.25,118,0,65,13,54,3
18:45,4.6783,13.25,118,0,65,13,54,3
18:46,4.6814,13.25,118,0,65,13,54,3
18:47,4.6858,13.25,121,0,66,13,54,3
18:48,4.6882,13.46,127,0,68,13,54,3
18:49,4.6926,14.27,133,0,70,13,54,3
18:50,4.6957,14.27,133,0,70,13,54,3
18:51,4.7001,14.27,133,0,70,13,54,3
18:52,4.7044,14.07,130,0,69,13,54,3
18:53,4.7075,14.07,130,0,69,13,54,3
18:54,4.7119,14.07,133,0,70,13,54,3
18:55,4.7150,14.27,133,0,70,13,54,3
18:56,4.7193,14.27,133,0,70,13,54,3
18:57,4.7237,14.48,136,0,71,13,54,3
18:58,4.7261,14.48,139,0,72,13,54,3
18:59,4.7305,15.09,148,0,75,13,54,3
19:00,4.7336,15.30,151,0,76,13,54,3
19:01,4.7380,15.91,157,0,78,13,54,3
19:02,4.7429,16.12,160,0,79,13,54,3
19:03,4.7467,15.91,157,0,78,13,54,3
19:04,4.7498,15.71,151,0,76,13,54,3
19:05,4.7541,15.50,148,0,75,13,54,3
19:06,4.7585,14.89,142,0,73,13,54,3
19:07,4.7609,14.89,145,0,74,13,54,3
19:08,4.7653,15.50,154,0,77,13,54,3
19:09,4.7703,16.12,163,0,80,13,54,3
19:10,4.7734,16.52,170,0,82,13,54,3
19:11,4.7759,16.73,173,0,83,13,54,3
19:12,4.7808,16.93,170,0,82,13,54,3
19:13,4.7858,16.93,71,0,81,12,50,0
19:14,4.7895,15.77,71,0,81,12,50,0
19:15,4.7945,15.77,71,0,81,12,50,0
19:16,4.7970,15.77,72,0,82,12,50,0
19:17,4.8026,16.16,74,0,83,12,50,0
19:18,4.8057,16.16,74,0,83,12,50,0
19:19,4.8107,16.35,75,0,84,12,50,0
19:20,4.8156,16.35,75,0,84,12,50,0
19:21,4.8194,16.35,75,0,84,12,50,0
19:22,4.8243,16.35,77,0,85,12,50,0
19:23,4.8274,16.55,75,0,84,12,50,0
19:24,4.8318,16.55,77,0,85,12,50,0
19:25,4.8368,16.55,77,0,85,12,50,0
19:26,4.8399,16.55,75,0,84,12,50,0
19:27,4.8455,16.55,75,0,84,12,50,-2
19:28,4.8492,16.55,49,0,84,12,50,-2
19:29,4.8542,16.55,49,0,84,12,50,-2
19:30,4.8573,16.55,49,0,84,12,50,-2
19:31,4.8628,16.55,49,0,84,12,50,-2
19:32,4.8660,16.55,50,0,85,12,50,-2
19:33,4.8709,16.75,51,0,86,12,50,-2
19:34,4.8759,16.55,50,0,85,12,50,-2
19:35,4.8796,16.55,50,0,85,12,50,-2
19:36,4.8846,17.34,94,0,85,13,54,0
19:37,4.8877,17.34,96,0,86,13,54,0
19:38,4.8933,17.54,96,0,86,13,54,0
19:39,4.8983,17.75,98,0,87,13,54,0
19:40,4.9020,17.75,98,0,87,13,54,0
19:41,4.9070,17.54,96,0,86,13,54,0
19:42,4.9107,17.54,94,0,85,13,54,0
19:43,4.9163,17.34,94,0,85,13,54,0
19:44,4.9213,17.14,92,0,84,13,54,0
19:45,4.9244,17.14,90,0,83,13,54,0
19:46,4.9300,16.93,90,0,83,13,54,0
19:47,4.9349,17.14,92,0,84,13,54,0
19:48,4.9387,17.14,92,0,84,13,54,0
19:49,4.9442,17.14,92,0,84,13,54,0
19:50,4.9480,17.14,92,0,84,13,54,0
19:51,4.9536,17.14,92,0,84,13,54,0
19:52,4.9585,17.34,94,0,85,13,54,0
19:53,4.9616,14.73,143,0,86,9,38,5
19:54,4.9660,14.73,143,0,86,9,38,5
19:55,4.9697,14.56,140,0,85,9,38,5
19:56,4.9741,14.56,138,0,84,9,38,5
19:57,4.9766,14.40,138,0,84,9,38,5
19:58,4.9809,14.22,135,0,83,9,38,5
19:59,4.9853,14.05,135,0,83,9,38,5
20:00,4.9884,14.22,135,0,83,9,38,5
20:01,4.9927,14.22,135,0,83,9,38,5
20:02,4.9952,14.22,135,0,83,9,38,5
20:03,5.0002,14.22,135,0,83,9,38,5
20:04,5.0039,14.40,140,0,85,9,38,5
20:05,5.0070,14.56,140,0,85,9,38,5
20:06,5.0114,14.56,140,0,85,9,38,5
20:07,5.0163,14.56,140,0,85,9,38,5
20:08,5.0194,14.56,140,0,85,9,38,5
20:09,5.0238,14.40,138,0,84,9,38,5
20:10,5.0281,14.22,135,0,83,9,38,5
20:11,5.0312,14.22,132,0,82,9,38,5
20:12,5.0350,14.05,132,0,82,9,38,5
20:13,5.0381,14.05,130,0,81,9,38,5
20:14,5.0424,14.05,135,0,83,9,38,5
20:15,5.0455,14.22,135,0,83,9,38,5
20:16,5.0499,14.40,140,0,85,9,38,5
20:17,5.0530,14.56,138,0,84,9,38,5
20:18,5.0573,14.40,138,0,84,9,38,5
20:19,5.0617,14.40,135,0,83,9,38,5
20:20,5.0648,14.22,135,0,83,9,38,5
20:21,5.0691,14.05,132,0,82,9,38,5
20:22,5.0723,14.05,135,0,83,9,38,5
20:23,5.0766,14.40,138,0,84,9,38,5
20:24,5.0810,14.40,135,0,83,9,38,5
20:25,5.0834,14.22,138,0,84,9,38,5
20:26,5.0878,14.56,140,0,85,9,38,5
20:27,5.0909,14.56,140,0,85,9,38,5
20:28,5.0959,14.56,140,0,85,9,38,5
20:29,5.1002,14.56,138,0,84,9,38,5
20:30,5.1027,14.40,138,0,84,9,38,5
20:31,5.1070,14.22,135,0,83,9,38,5
20:32,5.1102,14.22,138,0,84,9,38,5
20:33,5.1145,14.40,138,0,84,9,38,5
20:34,5.1195,17.14,92,0,84,13,54,0
20:35,5.1232,17.14,92,0,84,13,54,0
20:36,5.1288,17.14,92,0,84,13,54,0
20:37,5.1338,17.14,92,0,84,13,54,0
20:38,5.1375,17.14,92,0,84,13,54,0
20:39,5.1431,17.14,94,0,85,13,54,0
20:40,5.1468,17.34,94,0,85,13,54,0
20:41,5.1524,17.34,96,0,86,13,54,0
20:42,5.1561,17.54,96,0,86,13,54,0
20:43,5.1617,17.54,96,0,86,13,54,0
20:44,5.1673,17.54,94,0,85,13,54,0
20:45,5.1704,17.34,94,0,85,13,54,0
20:46,5.1754,17.54,96,0,86,13,54,0
20:47,5.1804,17.75,98,0,87,13,54,0
20:48,5.1841,17.95,99,0,88,13,54,0
20:49,5.1897,17.95,99,0,88,13,54,0
20:50,5.1940,17.95,99,0,88,13,54,0
20:51,5.1996,17.95,98,0,87,13,54,0
20:52,5.2027,17.75,96,0,86,13,54,0
20:53,5.2083,17.54,96,0,86,13,54,0
20:54,5.2139,17.54,96,0,86,13,54,0
20:55,5.2177,17.54,96,0,86,13,54,0
20:56,5.2232,17.54,96,0,86,13,54,0
20:57,5.2276,17.54,96,0,86,13,54,0
20:58,5.2332,17.75,98,0,87,13,54,0
20:59,5.2382,17.75,98,0,87,13,54,0
21:00,5.2419,17.75,98,0,87,13,54,0
21:01,5.2475,17.54,96,0,86,13,54,0
21:02,5.2524,17.54,94,0,85,13,54,0
21:03,5.2562,17.34,150,0,85,13,54,2
21:04,5.2618,17.34,147,0,84,13,54,2
21:05,5.2655,17.14,144,0,83,13,54,2
21:06,5.2705,16.93,144,0,83,13,54,2
21:07,5.2742,16.93,147,0,84,13,54,2
21:08,5.2792,17.14,147,0,84,13,54,2
21:09,5.2829,17.14,150,0,85,13,54,2
21:10,5.2879,17.54,152,0,86,13,54,2
21:11,5.2935,17.54,152,0,86,13,54,2
21:12,5.2972,17.54,152,0,86,13,54,2
21:13,5.3022,17.34,150,0,85,13,54,2
21:14,5.3059,17.34,150,0,85,13,54,2
21:15,5.3109,17.34,150,0,85,13,54,2
21:16,5.3165,17.34,150,0,85,13,54,2
21:17,5.3196,17.34,144,0,83,13,54,2
21:18,5.3245,16.93,272,0,83,10,42,8
21:19,5.3276,16.93,266,0,82,10,42,8
21:20,5.3320,14.63,256,0,80,10,42,8
21:21,5.3351,13.74,236,0,76,10,42,8
21:22,5.3388,13.03,215,0,72,10,42,8
21:23,5.3413,13.03,210,0,71,10,42,8
21:24,5.3450,12.67,210,0,71,10,42,8
21:25,5.3481,12.67,210,0,71,10,42,8
21:26,5.3519,12.67,210,0,71,10,42,8
21:27,5.3556,12.84,215,0,72,10,42,8
21:28,5.3581,12.84,220,0,73,10,42,8
21:29,5.3618,13.03,215,0,72,10,42,8
21:30,5.3643,12.49,215,0,72,10,42,8
21:31,5.3680,12.49,215,0,72,10,42,8
21:32,5.3711,12.49,215,0,72,10,42,8
21:33,5.3749,12.49,215,0,72,10,42,8
21:34,5.3786,12.49,215,0,72,10,42,8
21:35,5.3811,12.49,215,0,72,10,42,8
21:36,5.3842,12.32,201,0,69,10,42,8
21:37,5.3867,11.96,201,0,69,10,42,8
21:38,5.3904,11.78,187,0,66,10,42,8
21:39,5.3935,11.96,192,0,67,10,42,8
21:40,5.3960,11.96,192,0,67,10,42,8
21:41,5.3997,12.14,196,0,68,10,42,8
21:42,5.4034,12.14,201,0,69,10,42,8
21:43,5.4059,12.32,196,0,68,10,42,8
21:44,5.4097,12.14,192,0,67,10,42,8
21:45,5.4115,11.96,196,0,68,10,42,8
21:46,5.4152,12.14,196,0,68,10,42,8
21:47,5.4177,12.14,196,0,68,10,42,8
21:48,5.4215,11.96,196,0,68,10,42,8
21:49,5.4252,12.14,196,0,68,10,42,8
21:50,5.4277,12.14,201,0,69,10,42,8
21:51,5.4314,12.49,205,0,70,10,42,8
21:52,5.4351,12.49,201,0,69,10,42,8
21:53,5.4376,12.32,201,0,69,10,42,8
21:54,5.4413,12.32,196,0,68,10,42,8
21:55,5.4445,12.14,196,0,68,10,42,8
21:56,5.4482,12.14,196,0,68,10,42,8
21:57,5.4507,12.14,150,0,68,14,58,3
21:58,5.4550,14.56,150,0,68,14,58,3
21:59,5.4600,14.56,150,0,68,14,58,3
22:00,5.4631,14.56,150,0,68,14,58,3
22:01,5.4674,14.56,146,0,67,14,58,3
22:02,5.4724,14.35,146,0,67,14,58,3
22:03,5.4755,14.35,150,0,68,14,58,3
22:04,5.4780,14.56,150,0,68,14,58,3
22:05,5.4824,14.56,153,0,69,14,58,3
22:06,5.4873,14.78,153,0,69,14,58,3
22:07,5.4904,14.78,153,0,69,14,58,3
22:08,5.4948,14.99,157,0,70,14,58,3
22:09,5.4991,14.78,153,0,69,14,58,3
22:10,5.5029,14.78,157,0,70,14,58,3
22:11,5.5066,15.20,161,0,71,14,58,3
22:12,5.5097,15.20,161,0,71,14,58,3
22:13,5.5147,15.20,164,0,72,14,58,3
22:14,5.5190,15.42,161,0,71,14,58,3
22:15,5.5221,15.20,157,0,70,14,58,3
22:16,5.5259,14.78,153,0,69,14,58,3
22:17,5.5290,14.56,153,0,69,14,58,3
22:18,5.5333,14.35,146,0,67,14,58,3
22:19,5.5364,14.35,143,0,66,14,58,3
22:20,5.5408,14.14,143,0,66,14,58,3
22:21,5.5451,14.14,139,0,65,14,58,3
22:22,5.5476,13.92,139,0,65,14,58,3
22:23,5.5519,13.92,139,0,65,14,58,3
22:24,5.5563,13.92,146,0,67,14,58,3
22:25,5.5594,14.56,157,0,70,14,58,3
22:26,5.5631,14.99,146,0,71,17,71,0
22:27,5.5687,17.89,146,0,71,17,71,0
22:28,5.5725,17.89,146,0,71,17,71,0
22:29,5.5774,17.89,149,0,72,17,71,0
22:30,5.5830,18.14,149,0,72,17,71,0
22:31,5.5867,18.14,146,0,71,17,71,0
22:32,5.5923,17.89,146,0,71,17,71,0
22:33,5.5961,17.89,146,0,71,17,71,0
22:34,5.6017,17.89,146,0,71,17,71,0
22:35,5.6073,17.89,146,0,71,17,71,0
22:36,5.6116,17.89,146,0,71,17,71,0
22:37,5.6166,18.14,149,0,72,17,71,0
22:38,5.6203,18.14,146,0,71,17,71,0
22:39,5.6259,17.89,146,0,71,17,71,0
22:40,5.6315,17.89,149,0,72,17,71,0
22:41,5.6346,18.14,149,0,72,17,71,0
22:42,5.6408,18.40,152,0,73,17,71,0
22:43,5.6445,18.40,156,0,74,17,71,0
22:44,5.6507,18.65,152,0,73,17,71,0
22:45,5.6563,18.65,152,0,73,17,71,0
22:46,5.6594,18.65,149,0,72,17,71,0
22:47,5.6657,18.14,78,0,72,17,71,-3
22:48,5.6713,18.14,78,0,72,17,71,-3
22:49,5.6750,18.14,80,0,73,17,71,-3
22:50,5.6806,18.65,82,0,74,17,71,-3
22:51,5.6849,18.65,83,0,75,17,71,-3
22:52,5.6905,18.90,83,0,75,17,71,-3
22:53,5.6942,18.90,85,0,76,17,71,-3
22:54,5.6998,19.41,87,0,78,13,54,-3
22:55,5.7017,19.41,87,0,78,13,54,-3
22:56,5.7079,16.12,44,0,81,13,54,-3
22:57,5.7129,16.52,45,0,82,13,54,-3
22:58,5.7160,16.73,45,0,82,13,54,-3
22:59,5.7216,16.93,46,0,83,13,54,-3
23:00,5.7247,16.93,46,0,83,13,54,-3
23:01,5.7303,16.93,46,0,83,13,54,-3
23:02,5.7353,17.14,47,0,84,13,54,-3
23:03,5.7390,17.14,48,0,85,13,54,-3
23:04,5.7440,17.54,48,0,86,13,54,-3
23:05,5.7477,17.54,48,0,86,13,54,-3
23:06,5.7527,17.54,48,0,86,13,54,-3
23:07,5.7582,17.34,48,0,85,13,54,-3
23:08,5.7614,17.34,47,0,84,13,54,-3
23:09,5.7669,17.14,47,0,84,13,54,-3
23:10,5.7719,17.34,48,0,85,13,54,-3
23:11,5.7756,17.34,48,0,86,13,54,-3
23:12,5.7812,17.54,49,0,87,13,54,-3
23:13,5.7843,17.75,49,0,87,13,54,-3
23:14,5.7893,17.95,50,0,88,13,54,-3
23:15,5.7949,17.95,50,0,88,13,54,-3
23:16,5.7993,17.95,51,0,89,13,54,-3
23:17,5.8048,18.15,51,0,89,13,54,-3
23:18,5.8104,18.15,52,0,90,13,54,-3
23:19,5.8148,18.36,53,0,91,13,54,-3
23:20,5.8185,18.56,53,0,91,13,54,-3
23:21,5.8241,18.76,54,0,92,13,54,-3
23:22,5.8303,18.76,55,0,93,13,54,-3
23:23,5.8334,18.97,55,0,93,13,54,-3
23:24,5.8396,19.17,57,0,94,13,54,-3
23:25,5.8440,19.17,57,0,94,13,54,-3
23:26,5.8502,19.17,57,0,94,13,54,-3
23:27,5.8558,19.17,57,0,94,13,54,-3
23:28,5.8595,19.17,54,0,92,13,54,-3
23:29,5.8657,18.76,55,0,93,13,54,-3
23:30,5.8695,18.97,55,0,93,13,54,-3
23:31,5.8757,18.97,55,0,93,13,54,-3
23:32,5.8800,18.97,71,0,93,13,54,-2
23:33,5.8856,18.97,71,0,93,13,54,-2
23:34,5.8918,18.97,71,0,93,13,54,-2
23:35,5.8956,18.97,71,0,93,13,54,-2
23:36,5.9018,18.97,71,0,93,13,54,-2
23:37,5.9074,18.97,71,0,93,13,54,-2
23:38,5.9117,18.97,70,0,92,13,54,-2
23:39,5.9173,18.76,69,0,91,13,54,-2
23:40,5.9229,18.56,69,0,91,13,54,-2
23:41,5.9266,18.36,67,0,90,13,54,-2
23:42,5.9322,18.36,67,0,90,13,54,-2
23:43,5.9360,18.36,67,0,90,13,54,-2
23:44,5.9422,18.36,67,0,90,13,54,-2
23:45,5.9484,18.36,67,0,90,13,54,-2
23:46,5.9521,18.36,67,0,90,13,54,-2
23:47,5.9583,18.36,67,0,90,13,54,-2
23:48,5.9614,18.36,66,0,89,13,54,-2
23:49,5.9676,18.36,67,0,90,13,54,-2
23:50,5.9732,18.15,67,0,90,13,54,-2
23:51,5.9770,18.36,66,0,89,13,54,-2
23:52,5.9826,18.36,67,0,90,13,54,-2
23:53,5.9869,18.56,69,0,91,13,54,-2
23:54,5.9925,18.56,69,0,91,13,54,-2
23:55,5.9969,18.56,69,0,91,13,54,-2
23:56,6.0031,18.56,69,0,91,13,54,-2
23:57,6.0087,18.56,67,0,90,13,54,-2
23:58,6.0124,18.36,69,0,91,13,54,-2
23:59,6.0186,19.49,131,0,90,14,58,0
24:00,6.0223,19.28,126,0,89,14,58,0
24:01,6.0279,18.63,119,0,86,14,58,0
24:02,6.0316,17.78,110,0,82,14,58,0
24:03,6.0360,17.34,101,0,78,14,58,0
24:04,6.0391,16.49,97,0,76,14,58,0
24:05,6.0441,16.49,99,0,77,14,58,0
24:06,6.0472,16.49,101,0,78,14,58,0
24:07,6.0515,17.14,108,0,81,14,58,0
24:08,6.0565,17.34,108,0,81,14,58,0
24:09,6.0602,17.56,112,0,83,14,58,0
24:10,6.0652,17.78,115,0,84,14,58,0
24:11,6.0689,17.99,117,0,85,14,58,0
24:12,6.0745,18.21,115,0,84,14,58,0
24:13,6.0783,18.21,112,0,83,14,58,0
24:14,6.0838,17.78,112,0,83,14,58,0
24:15,6.0894,17.78,167,0,82,14,58,2
24:16,6.0932,17.56,160,0,81,14,58,2
24:17,6.0975,17.34,157,0,80,14,58,2
24:18,6.1012,17.34,160,0,81,14,58,2
24:19,6.1068,17.34,160,0,81,14,58,2
24:20,6.1099,17.34,163,0,82,14,58,2
24:21,6.1149,17.78,170,0,84,14,58,2
24:22,6.1199,17.99,170,0,84,14,58,2
24:23,6.1236,17.99,170,0,84,14,58,2
24:24,6.1292,17.78,167,0,83,14,58,2
24:25,6.1323,17.56,160,0,81,14,58,2
24:26,6.1367,17.34,157,0,80,14,58,2
24:27,6.1398,16.71,160,0,81,14,58,2
24:28,6.1454,17.34,154,0,79,14,58,2
24:29,6.1497,16.92,151,0,78,14,58,2
24:30,6.1528,16.49,145,0,76,14,58,2
24:31,6.1572,16.06,145,0,76,14,58,2
24:32,6.1609,16.27,145,0,76,14,58,2
24:33,6.1659,16.27,145,0,76,14,58,2
24:34,6.1696,16.27,151,0,78,14,58,2
24:35,6.1739,17.14,157,0,80,14,58,2
24:36,6.1789,16.92,157,0,80,14,58,2
24:37,6.1826,16.92,157,0,80,14,58,2
24:38,6.1876,16.71,151,0,78,14,58,2
24:39,6.1926,16.71,154,0,79,14,58,2
24:40,6.1957,16.92,157,0,80,14,58,2
24:41,6.2007,17.34,160,0,81,14,58,2
24:42,6.2050,17.34,160,0,81,14,58,2
24:43,6.2100,17.34,157,0,80,14,58,2
24:44,6.2131,17.14,154,0,79,14,58,2
24:45,6.2181,16.92,151,0,78,14,58,2
24:46,6.2230,16.49,148,0,77,14,58,2
24:47,6.2268,16.27,145,0,76,14,58,2
24:48,6.2317,16.06,142,0,75,14,58,2
24:49,6.2348,16.06,142,0,75,14,58,2
24:50,6.2398,15.84,140,0,74,14,58,2
24:51,6.2435,15.84,140,0,74,14,58,2
24:52,6.2479,15.63,140,0,74,14,58,2
24:53,6.2522,15.84,142,0,75,14,58,2
24:54,6.2553,16.06,145,0,76,14,58,2
24:55,6.2603,16.49,151,0,78,14,58,2
24:56,6.2640,16.71,151,0,78,14,58,2
24:57,6.2690,16.92,154,0,79,14,58,2
24:58,6.2746,16.92,154,0,79,14,58,2
24:59,6.2777,16.92,154,0,79,14,58,2
25:00,6.2833,16.49,148,0,77,14,58,2
25:01,6.2864,16.27,142,0,75,14,58,2
25:02,6.2914,16.27,145,0,76,14,58,2
25:03,6.2939,16.27,148,0,77,14,58,2
25:04,6.2982,17.14,157,0,80,14,58,2
25:05,6.3038,17.34,160,0,81,14,58,2
25:06,6.3069,17.14,157,0,80,14,58,2
25:07,6.3106,17.14,154,0,79,14,58,2
25:08,6.3156,16.92,151,0,78,14,58,2
25:09,6.3206,16.92,154,0,79,14,58,2
25:10,6.3237,16.92,157,0,80,14,58,2
25:11,6.3293,17.14,157,0,80,14,58,2
25:12,6.3343,16.92,154,0,79,14,58,2
25:13,6.3380,16.92,151,0,78,14,58,2
25:14,6.3423,16.71,145,0,76,14,58,2
25:15,6.3461,16.27,145,0,76,14,58,2
25:16,6.3504,16.27,145,0,76,14,58,2
25:17,6.3535,16.27,148,0,77,14,58,2
25:18,6.3585,16.49,151,0,78,14,58,2
25:19,6.3635,16.92,154,0,79,14,58,2
25:20,6.3666,16.92,157,0,80,14,58,2
25:21,6.3715,17.14,154,0,79,14,58,2
25:22,6.3753,17.14,154,0,79,14,58,2
25:23,6.3809,16.71,151,0,78,14,58,2
25:24,6.3840,16.71,151,0,78,14,58,2
25:25,6.3896,16.92,154,0,79,14,58,2
25:26,6.3945,17.14,157,0,80,14,58,2
25:27,6.3983,17.14,157,0,80,14,58,2
25:28,6.4038,17.14,160,0,81,14,58,2
25:29,6.4088,17.34,160,0,81,14,58,2
25:30,6.4125,17.34,160,0,81,14,58,2
25:31,6.4181,17.34,160,0,81,14,58,2
25:32,6.4219,17.34,157,0,80,14,58,2
25:33,6.4268,17.14,154,0,79,14,58,2
25:34,6.4318,16.71,154,0,79,14,58,2
25:35,6.4355,16.71,145,0,76,14,58,2
25:36,6.4399,16.27,145,0,76,14,58,2
25:37,6.4449,16.27,151,0,78,13,54,0
25:38,6.4473,16.71,83,0,79,13,54,0
25:39,6.4511,16.71,83,0,79,13,54,0
25:40,6.4560,16.32,90,0,83,13,54,0
25:41,6.4592,16.93,94,0,85,13,54,0
25:42,6.4635,17.75,98,0,87,13,54,0
25:43,6.4685,17.54,98,0,87,13,54,0
25:44,6.4722,17.54,98,0,87,13,54,0
25:45,6.4778,17.75,99,0,88,13,54,0
25:46,6.4809,17.95,99,0,88,13,54,0
25:47,6.4865,18.15,101,0,89,13,54,0
25:48,6.4908,18.15,101,0,89,13,54,0
25:49,6.4964,17.95,99,0,88,13,54,0
25:50,6.5020,17.75,98,0,87,13,54,0
25:51,6.5051,17.54,98,0,87,13,54,0
25:52,6.5107,17.54,98,0,87,13,54,0
25:53,6.5163,17.54,98,0,87,13,54,0
25:54,6.5200,17.54,98,0,87,13,54,0
25:55,6.5256,17.54,94,0,85,13,54,0
25:56,6.5294,17.34,94,0,85,13,54,0
25:57,6.5343,17.34,92,0,84,13,54,0
25:58,6.5399,17.14,92,0,84,13,54,0
25:59,6.5437,17.14,92,0,84,13,54,0
26:00,6.5493,16.93,90,0,83,13,54,0
26:01,6.5530,17.78,167,0,82,14,58,2
26:02,6.5579,17.56,160,0,81,14,58,2
26:03,6.5611,17.34,160,0,81,14,58,2
26:04,6.5660,17.14,157,0,80,14,58,2
26:05,6.5716,17.14,160,0,81,14,58,2
26:06,6.5753,17.34,160,0,81,14,58,2
26:07,6.5809,17.34,163,0,82,14,58,2
26:08,6.5847,17.56,163,0,82,14,58,2
26:09,6.5896,17.78,167,0,83,14,58,2
26:10,6.5952,17.78,167,0,83,14,58,2
26:11,6.5990,17.78,167,0,83,14,58,2
26:12,6.6046,17.78,167,0,83,14,58,2
26:13,6.6077,17.78,170,0,84,14,58,2
26:14,6.6133,17.99,167,0,83,14,58,2
26:15,6.6176,17.78,167,0,83,14,58,2
26:16,6.6226,17.99,170,0,84,14,58,2
26:17,6.6282,17.99,167,0,83,14,58,2
26:18,6.6319,17.78,167,0,83,14,58,2
26:19,6.6375,17.78,167,0,83,14,58,2
26:20,6.6425,17.99,170,0,84,14,58,2
26:21,6.6462,17.99,170,0,84,14,58,2
26:22,6.6518,17.78,167,0,83,14,58,2
26:23,6.6555,17.56,57,0,83,13,54,-2
26:24,6.6605,16.52,57,0,82,13,54,-2
26:25,6.6642,16.73,60,0,84,13,54,-2
26:26,6.6673,17.14,62,0,86,13,54,-2
26:27,6.6717,18.15,67,0,90,13,54,-2
26:28,6.6773,18.36,67,0,90,13,54,-2
26:29,6.6816,18.36,67,0,90,13,54,-2
26:30,6.6866,18.15,66,0,89,13,54,-2
26:31,6.6928,17.95,64,0,87,13,54,-2
26:32,6.6959,17.34,60,0,84,13,54,-2
26:33,6.6990,16.93,60,0,84,13,54,-2
26:34,6.7040,16.93,60,0,84,13,54,-2
26:35,6.7089,17.34,62,0,86,13,54,-2
26:36,6.7120,17.54,62,0,86,13,54,-2
26:37,6.7176,17.54,62,0,86,13,54,-2
26:38,6.7232,17.54,62,0,86,13,54,-2
26:39,6.7270,17.54,62,0,86,13,54,-2
26:40,6.7332,17.54,62,0,86,13,54,-2
26:41,6.7369,17.54,62,0,86,13,54,-2
26:42,6.7419,17.54,62,0,86,13,54,-2
26:43,6.7475,17.54,62,0,86,13,54,-2
26:44,6.7512,17.54,62,0,86,13,54,-2
26:45,6.7568,17.54,62,0,86,13,54,-2
26:46,6.7624,17.54,62,0,86,13,54,-2
26:47,6.7655,17.54,61,0,85,13,54,-2
26:48,6.7711,17.34,62,0,86,13,54,-2
26:49,6.7748,17.54,62,0,86,13,54,-2
26:50,6.7804,17.54,64,0,87,13,54,-2
26:51,6.7854,17.75,62,0,86,13,54,-2
26:52,6.7879,17.54,64,0,87,13,54,-2
26:53,6.7928,17.75,62,0,86,13,54,-2
26:54,6.7984,17.75,62,0,86,13,54,-2
26:55,6.8021,17.34,61,0,85,13,54,-2
26:56,6.8077,17.34,61,0,85,13,54,-2
26:57,6.8108,17.34,61,0,85,13,54,-2
26:58,6.8171,17.54,62,0,86,13,54,-2
26:59,6.8208,17.54,62,0,86,13,54,-2
27:00,6.8258,17.34,61,0,85,13,54,-2
27:01,6.8307,17.34,61,0,85,13,54,-2
27:02,6.8345,17.34,61,0,85,13,54,-2
27:03,6.8401,17.14,60,0,84,13,54,-2
27:04,6.8450,16.93,60,0,84,13,54,-2
27:05,6.8481,16.93,60,0,84,13,54,-2
27:06,6.8537,17.34,61,0,85,13,54,-2
27:07,6.8575,17.34,61,0,85,13,54,-2
27:08,6.8624,17.54,62,0,86,13,54,-2
27:09,6.8680,17.54,61,0,85,13,54,-2
27:10,6.8711,17.34,61,0,85,13,54,-2
27:11,6.8767,17.34,61,0,85,13,54,-2
27:12,6.8817,17.54,62,0,86,13,54,-2
27:13,6.8854,17.54,62,0,86,13,54,-2
27:14,6.8904,17.75,64,0,87,13,54,-2
27:15,6.8941,17.75,64,0,87,13,54,-2
27:16,6.8997,17.75,64,0,87,13,54,-2
27:17,6.9053,17.75,61,0,85,13,54,-2
27:18,6.9084,17.34,61,0,85,13,54,-2
27:19,6.9134,17.75,64,0,87,13,54,-2
27:20,6.9190,17.75,64,0,87,13,54,-2
27:21,6.9227,17.75,64,0,87,13,54,-2
27:22,6.9283,17.75,64,0,87,13,54,-2
27:23,6.9320,17.75,64,0,87,13,54,-2
27:24,6.9370,17.54,62,0,86,13,54,-2
27:25,6.9426,17.54,62,0,86,13,54,-2
27:26,6.9469,17.54,62,0,86,13,54,-2
27:27,6.9519,17.34,61,0,85,13,54,-2
27:28,6.9556,18.21,117,0,85,14,58,0
27:29,6.9612,18.42,119,0,86,14,58,0
27:30,6.9668,18.42,115,0,84,14,58,0
27:31,6.9699,17.99,112,0,83,14,58,0
27:32,6.9749,17.56,112,0,83,14,58,0
27:33,6.9780,17.99,115,0,84,14,58,0
27:34,6.9836,17.99,115,0,84,14,58,0
27:35,6.9873,17.99,115,0,84,14,58,0
27:36,6.9929,17.99,115,0,84,14,58,0
27:37,6.9985,17.78,112,0,83,14,58,0
27:38,7.0016,17.78,110,0,82,14,58,0
27:39,7.0066,17.56,108,0,81,14,58,0
27:40,7.0103,13.51,279,0,82,8,33,10
27:41,7.0140,13.51,274,0,81,8,33,10
27:42,7.0165,13.34,258,0,78,8,33,10
27:43,7.0196,12.84,236,0,74,8,33,10
27:44,7.0215,11.86,215,0,70,8,33,10
27:45,7.0240,11.53,205,0,68,8,33,10
27:46,7.0271,10.71,186,0,64,8,33,10
27:47,7.0296,10.38,177,0,62,8,33,10
27:48,7.0314,10.21,177,0,62,8,33,10
27:49,7.0339,10.05,172,0,61,8,33,10
27:50,7.0370,10.05,172,0,61,8,33,10
27:51,7.0389,10.05,172,0,61,8,33,10
27:52,7.0420,10.05,177,0,62,8,33,10
27:53,7.0451,10.38,186,0,64,8,33,10
27:54,7.0470,10.54,186,0,64,8,33,10
27:55,7.0501,10.71,191,0,65,8,33,10
27:56,7.0526,10.71,196,0,66,8,33,10
27:57,7.0557,10.87,196,0,66,8,33,10
27:58,7.0594,10.87,196,0,66,8,33,10
27:59,7.0613,10.87,196,0,66,8,33,10
28:00,7.0644,10.71,191,0,65,8,33,10
28:01,7.0681,10.71,191,0,65,8,33,10
28:02,7.0700,10.71,181,0,63,8,33,10
28:03,7.0731,10.38,177,0,62,8,33,10
28:04,7.0749,10.21,220,0,61,10,42,10
28:05,7.0780,11.06,227,0,62,10,42,10
28:06,7.0799,11.06,220,0,61,10,42,10
28:07,7.0830,10.71,209,0,59,10,42,10
28:08,7.0849,10.35,209,0,59,10,42,10
28:09,7.0880,10.35,209,0,59,10,42,10
28:10,7.0911,10.16,198,0,57,10,42,10
28:11,7.0936,10.16,198,0,57,10,42,10
28:12,7.0967,10.16,198,0,57,10,42,10
28:13,7.0985,10.16,203,0,58,10,42,10
28:14,7.1016,10.35,203,0,58,10,42,10
28:15,7.1048,10.35,203,0,58,10,42,10
28:16,7.1066,10.35,209,0,59,10,42,10
28:17,7.1097,10.53,203,0,58,10,42,10
28:18,7.1110,10.53,198,0,57,10,42,10
28:19,7.1147,10.16,192,0,56,10,42,10
28:20,7.1166,10.16,192,0,56,10,42,10
28:21,7.1197,10.16,192,0,56,10,42,10
28:22,7.1228,10.16,192,0,56,10,42,10
28:23,7.1246,10.16,192,0,56,10,42,10
28:24,7.1277,9.81,187,0,55,10,42,10
28:25,7.1302,9.64,187,0,55,10,42,10
28:26,7.1327,9.81,192,0,56,10,42,10
28:27,7.1358,9.99,198,0,57,10,42,10
28:28,7.1377,10.16,192,0,56,10,42,10
28:29,7.1408,10.16,198,0,57,10,42,10
28:30,7.1427,9.99,198,0,57,10,42,10
28:31,7.1451,10.16,198,0,57,10,42,10
28:32,7.1476,10.16,198,0,57,10,42,10
28:33,7.1507,10.16,198,0,57,10,42,10
28:34,7.1532,8.71,216,0,57,6,25,14
28:35,7.1545,8.71,210,0,56,6,25,14
28:36,7.1570,8.57,204,0,55,6,25,14
28:37,7.1588,8.57,204,0,55,6,25,14
28:38,7.1613,8.25,198,0,54,6,25,14
28:39,7.1638,8.25,187,0,52,6,25,14
28:40,7.1644,7.95,181,0,51,6,25,14
28:41,7.1669,7.95,187,0,52,6,25,14
28:42,7.1681,7.95,193,0,53,6,25,14
28:43,7.1706,8.25,198,0,54,6,25,14
28:44,7.1725,8.41,204,0,55,6,25,14
28:45,7.1743,8.41,210,0,56,6,25,14
28:46,7.1768,8.57,210,0,56,6,25,14
28:47,7.1787,8.57,210,0,56,6,25,14
28:48,7.1812,8.71,222,0,58,6,25,14
28:49,7.1818,7.76,304,0,57,2,8,20
28:50,7.1843,7.62,295,0,56,2,8,20
28:51,7.1862,7.49,279,0,54,2,8,20
28:52,7.1874,6.96,254,0,51,2,8,20
28:53,7.1886,6.96,246,0,50,2,8,20
28:54,7.1905,6.69,238,0,49,2,8,20
28:55,7.1924,6.69,238,0,49,2,8,20
28:56,7.1930,6.69,246,0,50,2,8,20
28:57,7.1949,6.83,254,0,51,2,8,20
28:58,7.1967,6.83,254,0,51,2,8,20
28:59,7.1980,6.83,254,0,51,2,8,20
29:00,7.2004,6.83,254,0,51,2,8,20
29:01,7.2017,6.83,262,0,52,2,8,20
29:02,7.2042,6.96,262,0,52,2,8,20
29:03,7.2054,6.96,262,0,52,2,8,20
29:04,7.2079,6.96,262,0,52,2,8,20
29:05,7.2098,7.09,270,0,53,2,8,20
29:06,7.2110,7.09,262,0,52,2,8,20
29:07,7.2135,6.96,254,0,51,2,8,20
29:08,7.2147,6.69,246,0,50,2,8,20
29:09,7.2160,6.69,246,0,50,2,8,20
29:10,7.2178,6.83,254,0,51,2,8,20
29:11,7.2191,6.83,262,0,52,2,8,20
29:12,7.2216,6.96,262,0,52,2,8,20
29:13,7.2234,6.96,262,0,52,2,8,20
29:14,7.2253,6.96,270,0,53,2,8,20
29:15,7.2265,7.09,270,0,53,2,8,20
29:16,7.2278,7.09,270,0,53,2,8,20
29:17,7.2297,7.09,270,0,53,2,8,20
29:18,7.2321,7.09,262,0,52,2,8,20
29:19,7.2334,6.96,262,0,52,2,8,20
29:20,7.2359,6.96,262,0,52,2,8,20
29:21,7.2371,6.96,262,0,52,2,8,20
29:22,7.2390,6.83,254,0,51,2,8,20
29:23,7.2408,6.83,254,0,51,2,8,20
29:24,7.2421,6.83,254,0,51,2,8,20
29:25,7.2446,6.96,270,0,53,2,8,20
29:26,7.2464,7.09,270,0,53,2,8,20
29:27,7.2470,7.23,279,0,54,2,8,20
29:28,7.2495,7.36,287,0,55,2,8,20
29:29,7.2514,7.36,287,0,55,2,8,20
29:30,7.2533,7.36,287,0,55,2,8,20
29:31,7.2557,7.36,287,0,55,2,8,20
29:32,7.2570,7.36,287,0,55,2,8,20
29:33,7.2589,7.23,279,0,54,2,8,20
29:34,7.2613,7.23,279,0,54,2,8,20
29:35,7.2626,7.23,279,0,54,2,8,20
29:36,7.2651,7.23,279,0,54,2,8,20
29:37,7.2669,7.23,279,0,54,2,8,20
29:38,7.2688,7.23,279,0,54,2,8,20
29:39,7.2713,7.23,279,0,54,2,8,20
29:40,7.2725,7.23,287,0,55,2,8,20
29:41,7.2750,7.36,287,0,55,2,8,20
29:42,7.2775,7.36,279,0,54,2,8,20
29:43,7.2787,7.23,279,0,54,2,8,20
29:44,7.2812,7.23,279,0,54,2,8,20
29:45,7.2825,7.23,270,0,53,2,8,20
29:46,7.2850,7.09,262,0,52,2,8,20
29:47,7.2862,7.09,254,0,51,2,8,20
29:48,7.2887,6.83,254,0,51,2,8,20
29:49,7.2905,6.83,262,0,52,2,8,20
29:50,7.2918,6.96,262,0,52,2,8,20
29:51,7.2937,6.96,262,0,52,2,8,20
29:52,7.2961,6.96,262,0,52,2,8,20
29:53,7.2974,6.96,262,0,52,2,8,20
29:54,7.2999,6.83,254,0,51,2,8,20
29:55,7.3017,6.96,262,0,52,2,8,20
29:56,7.3036,7.09,270,0,53,2,8,20
29:57,7.3055,7.09,279,0,54,2,8,20
29:58,7.3073,7.23,287,0,55,2,8,20
29:59,7.3086,7.36,287,0,55,2,8,20
30:00,7.3104,7.36,287,0,55,2,8,20
30:01,7.3129,7.36,287,0,55,2,8,20
30:02,7.3148,7.36,287,0,55,2,8,20
30:03,7.3166,7.36,287,0,55,2,8,20
30:04,7.3191,7.36,279,0,54,2,8,20
30:05,7.3204,7.23,279,0,54,2,8,20
30:06,7.3229,7.23,279,0,54,2,8,20
30:07,7.3241,7.23,279,0,54,2,8,20
30:08,7.3266,7.23,279,0,54,2,8,20
30:09,7.3284,7.36,287,0,55,2,8,20
30:10,7.3297,7.23,287,0,55,2,8,20
30:11,7.3322,7.23,287,0,55,2,8,20
30:12,7.3334,7.23,287,0,55,2,8,20
30:13,7.3359,7.23,270,0,53,2,8,20
30:14,7.3371,7.09,270,0,53,2,8,20
30:15,7.3390,7.23,279,0,54,2,8,20
30:16,7.3409,7.36,287,0,55,2,8,20
30:17,7.3421,7.36,295,0,56,2,8,20
30:18,7.3446,7.49,295,0,56,2,8,20
30:19,7.3471,7.49,295,0,56,2,8,20
30:20,7.3490,7.49,295,0,56,2,8,20
30:21,7.3514,7.49,295,0,56,2,8,20
30:22,7.3527,7.49,295,0,56,2,8,20
30:23,7.3552,7.49,287,0,55,2,8,20
30:24,7.3570,7.36,287,0,55,2,8,20
30:25,7.3589,7.36,287,0,55,2,8,20
30:26,7.3608,7.36,279,0,54,2,8,20
30:27,7.3620,7.23,279,0,54,2,8,20
30:28,7.3639,7.09,270,0,53,2,8,20
30:29,7.3657,7.09,270,0,53,2,8,20
30:30,7.3670,7.09,279,0,54,2,8,20
30:31,7.3695,7.23,279,0,54,2,8,20
30:32,7.3707,7.23,270,0,53,2,8,20
30:33,7.3726,7.23,279,0,54,2,8,20
30:34,7.3738,7.23,279,0,54,2,8,20
30:35,7.3763,7.23,262,0,52,2,8,20
30:36,7.3775,6.96,254,0,51,2,8,20
30:37,7.3788,6.96,254,0,51,2,8,20
30:38,7.3813,6.96,262,0,52,2,8,20
30:39,7.3825,6.96,262,0,52,2,8,20
30:40,7.3850,6.96,262,0,52,2,8,20
30:41,7.3869,6.96,270,0,53,2,8,20
30:42,7.3881,7.09,270,0,53,2,8,20
30:43,7.3900,7.09,270,0,53,2,8,20
30:44,7.3925,7.09,270,0,53,2,8,20
30:45,7.3937,7.09,270,0,53,2,8,20
30:46,7.3962,7.09,279,0,54,2,8,20
30:47,7.3968,7.23,279,0,54,2,8,20
30:48,7.3993,7.23,270,0,53,2,8,20
30:49,7.4018,7.09,270,0,53,2,8,20
30:50,7.4030,7.09,270,0,53,2,8,20
30:51,7.4055,7.09,279,0,54,2,8,20
30:52,7.4074,7.23,279,0,54,2,8,20
30:53,7.4086,7.23,287,0,55,2,8,20
30:54,7.4111,7.36,287,0,55,2,8,20
30:55,7.4123,7.36,287,0,55,2,8,20
30:56,7.4148,7.36,287,0,55,2,8,20
30:57,7.4161,7.36,295,0,56,2,8,20
30:58,7.4179,7.49,287,0,55,2,8,20
30:59,7.4198,7.23,279,0,54,2,8,20
31:00,7.4210,7.23,279,0,54,2,8,20
31:01,7.4235,7.23,279,0,54,2,8,20
31:02,7.4260,7.23,279,0,54,2,8,20
31:03,7.4272,7.23,279,0,54,2,8,20
31:04,7.4297,7.23,279,0,54,2,8,20
31:05,7.4316,7.09,270,0,53,2,8,20
31:06,7.4335,7.09,270,0,53,2,8,20
31:07,7.4353,7.23,279,0,54,2,8,20
31:08,7.4372,7.23,279,0,54,2,8,20
31:09,7.4391,7.97,209,0,55,5,21,15
31:10,7.4403,8.12,209,0,55,5,21,15
31:11,7.4428,8.12,209,0,55,5,21,15
31:12,7.4453,8.12,203,0,54,5,21,15
31:13,7.4465,7.97,203,0,54,5,21,15
31:14,7.4496,7.97,197,0,53,5,21,15
31:15,7.4509,7.83,197,0,53,5,21,15
31:16,7.4533,7.83,197,0,53,5,21,15
31:17,7.4552,7.97,203,0,54,5,21,15
31:18,7.4571,7.97,203,0,54,5,21,15
31:19,7.4596,7.97,203,0,54,5,21,15
31:20,7.4614,7.97,203,0,54,5,21,15
31:21,7.4639,7.97,203,0,54,5,21,15
31:22,7.4664,7.97,203,0,54,5,21,15
31:23,7.4683,7.97,203,0,54,5,21,15
31:24,7.4707,7.97,197,0,53,5,21,15
31:25,7.4720,7.83,191,0,52,5,21,15
31:26,7.4739,7.83,191,0,52,5,21,15
31:27,7.4757,7.83,203,0,54,5,21,15
31:28,7.4782,7.97,209,0,55,5,21,15
31:29,7.4794,8.12,209,0,55,5,21,15
31:30,7.4819,7.97,203,0,54,5,21,15
31:31,7.4844,7.97,203,0,54,5,21,15
31:32,7.4863,7.97,203,0,54,5,21,15
31:33,7.4881,7.83,203,0,54,5,21,15
31:34,7.4894,7.97,209,0,55,5,21,15
31:35,7.4912,8.27,221,0,57,5,21,15
31:36,7.4919,8.42,227,0,58,5,21,15
31:37,7.4944,8.57,221,0,57,5,21,15
31:38,7.4968,8.57,221,0,57,5,21,15
31:39,7.4987,8.57,221,0,57,5,21,15
31:40,7.5018,8.57,215,0,56,5,21,15
31:41,7.5031,8.27,215,0,56,5,21,15
31:42,7.5062,8.27,215,0,56,5,21,15
31:43,7.5086,8.27,215,0,56,5,21,15
31:44,7.5099,8.27,215,0,56,5,21,15
31:45,7.5130,8.27,215,0,56,5,21,15
31:46,7.5142,8.27,215,0,56,5,21,15
31:47,7.5173,8.27,215,0,56,5,21,15
31:48,7.5198,8.27,209,0,55,5,21,15
31:49,7.5211,8.12,209,0,55,5,21,15
31:50,7.5236,8.12,209,0,55,5,21,15
31:51,7.5260,8.12,209,0,55,5,21,15
31:52,7.5279,8.12,209,0,55,5,21,15
31:53,7.5304,8.12,209,0,55,5,21,15
31:54,7.5323,7.59,247,0,55,3,13,18
31:55,7.5347,7.59,240,0,54,3,13,18
31:56,7.5354,7.46,233,0,53,3,13,18
31:57,7.5379,7.32,233,0,53,3,13,18
31:58,7.5397,7.32,233,0,53,3,13,18
31:59,7.5416,7.32,233,0,53,3,13,18
32:00,7.5441,7.32,240,0,54,3,13,18
32:01,7.5459,7.46,247,0,55,3,13,18
32:02,7.5466,7.59,254,0,56,3,13,18
32:03,7.5490,7.87,261,0,57,3,13,18
32:04,7.5509,7.73,254,0,56,3,13,18
32:05,7.5528,7.59,247,0,55,3,13,18
32:06,7.5546,7.46,240,0,54,3,13,18
32:07,7.5565,7.32,233,0,53,3,13,18
32:08,7.5577,7.18,212,0,50,3,13,18
32:09,7.5590,7.18,205,0,49,3,13,18
32:10,7.5615,6.77,205,0,49,3,13,18
32:11,7.5633,6.77,205,0,49,3,13,18
32:12,7.5646,6.77,199,0,48,3,13,18
32:13,7.5671,6.62,199,0,48,3,13,18
32:14,7.5677,6.62,205,0,49,3,13,18
32:15,7.5695,7.05,226,0,52,3,13,18
32:16,7.5708,7.18,226,0,52,3,13,18
32:17,7.5720,7.32,233,0,53,3,13,18
32:18,7.5745,7.32,233,0,53,3,13,18
32:19,7.5764,7.32,233,0,53,3,13,18
32:20,7.5782,7.46,247,0,55,3,13,18
32:21,7.5807,7.59,247,0,55,3,13,18
32:22,7.5820,7.59,247,0,55,3,13,18
32:23,7.5845,7.46,247,0,55,3,13,18
32:24,7.5857,7.59,247,0,55,3,13,18
32:25,7.5882,7.59,247,0,55,3,13,18
32:26,7.5900,7.59,247,0,55,3,13,18
32:27,7.5919,7.59,240,0,54,3,13,18
32:28,7.5944,7.46,240,0,54,3,13,18
32:29,7.5956,7.46,233,0,53,3,13,18
32:30,7.5981,7.32,233,0,53,3,13,18
32:31,7.6006,7.32,233,0,53,3,13,18
32:32,7.6012,7.32,240,0,54,3,13,18
32:33,7.6037,7.46,240,0,54,3,13,18
32:34,7.6056,7.46,240,0,54,3,13,18
32:35,7.6081,7.46,240,0,54,3,13,18
32:36,7.6099,7.32,233,0,53,3,13,18
32:37,7.6118,7.32,233,0,53,3,13,18
32:38,7.6137,7.46,240,0,54,3,13,18
32:39,7.6161,7.46,240,0,54,3,13,18
32:40,7.6168,7.46,247,0,55,3,13,18
32:41,7.6186,7.59,247,0,55,3,13,18
32:42,7.6205,7.59,247,0,55,3,13,18
32:43,7.6224,7.73,261,0,57,3,13,18
32:44,7.6236,7.87,261,0,57,3,13,18
32:45,7.6255,7.73,254,0,56,3,13,18
32:46,7.6280,7.59,254,0,56,3,13,18
32:47,7.6292,7.59,240,0,54,3,13,18
32:48,7.6317,7.46,240,0,54,3,13,18
32:49,7.6335,7.46,240,0,54,3,13,18
32:50,7.6354,7.32,233,0,53,3,13,18
32:51,7.6373,7.32,233,0,53,3,13,18
32:52,7.6398,7.32,240,0,54,3,13,18
32:53,7.6416,7.46,233,0,53,3,13,18
32:54,7.6429,7.32,233,0,53,3,13,18
32:55,7.6453,7.32,233,0,53,3,13,18
32:56,7.6472,7.46,240,0,54,3,13,18
32:57,7.6485,7.46,247,0,55,3,13,18
32:58,7.6509,7.73,254,0,56,3,13,18
32:59,7.6522,7.73,261,0,57,3,13,18
33:00,7.6547,7.87,254,0,56,3,13,18
33:01,7.6572,7.87,254,0,56,3,13,18
33:02,7.6584,7.87,254,0,56,3,13,18
33:03,7.6609,7.87,261,0,57,3,13,18
33:04,7.6621,7.87,254,0,56,3,13,18
33:05,7.6646,7.73,247,0,55,3,13,18
33:06,7.6665,7.73,254,0,56,3,13,18
33:07,7.6677,7.73,261,0,57,3,13,18
33:08,7.6702,7.87,261,0,57,3,13,18
33:09,7.6727,7.73,254,0,56,3,13,18
33:10,7.6746,7.73,254,0,56,3,13,18
33:11,7.6764,7.59,247,0,55,3,13,18
33:12,7.6777,7.59,254,0,56,3,13,18
33:13,7.6801,7.73,254,0,56,3,13,18
33:14,7.6826,7.73,254,0,56,3,13,18
33:15,7.6845,7.73,254,0,56,3,13,18
33:16,7.6870,7.73,254,0,56,3,13,18
33:17,7.6888,7.73,254,0,56,3,13,18
33:18,7.6901,7.73,254,0,56,3,13,18
33:19,7.6932,7.73,254,0,56,3,13,18
33:20,7.6951,7.73,254,0,56,3,13,18
33:21,7.6975,7.73,254,0,56,3,13,18
33:22,7.6994,7.59,247,0,55,3,13,18
33:23,7.7007,7.46,247,0,55,3,13,18
33:24,7.7031,7.32,233,0,53,3,13,18
33:25,7.7050,7.32,233,0,53,3,13,18
33:26,7.7062,7.18,226,0,52,3,13,18
33:27,7.7087,7.18,219,0,51,3,13,18
33:28,7.7100,7.05,219,0,51,3,13,18
33:29,7.7125,7.05,219,0,51,3,13,18
33:30,7.7143,7.05,219,0,51,3,13,18
33:31,7.7156,6.90,212,0,50,3,13,18
33:32,7.7180,6.90,212,0,50,3,13,18
33:33,7.7193,6.90,212,0,50,3,13,18
33:34,7.7218,7.05,219,0,51,3,13,18
33:35,7.7236,7.05,219,0,51,3,13,18
33:36,7.7255,7.05,219,0,51,3,13,18
33:37,7.7280,7.05,219,0,51,3,13,18
33:38,7.7286,7.05,226,0,52,3,13,18
33:39,7.7311,7.18,226,0,52,3,13,18
33:40,7.7336,7.18,226,0,52,3,13,18
33:41,7.7348,7.18,233,0,53,3,13,18
33:42,7.7373,7.32,233,0,53,3,13,18
33:43,7.7386,7.32,233,0,53,3,13,18
33:44,7.7410,7.32,233,0,53,3,13,18
33:45,7.7429,7.32,233,0,53,3,13,18
33:46,7.7441,7.46,240,0,54,6,25,14
33:47,7.7454,8.25,193,0,53,6,25,14
33:48,7.7479,8.10,187,0,52,6,25,14
33:49,7.7504,8.10,187,0,52,6,25,14
33:50,7.7516,8.10,181,0,51,6,25,14
33:51,7.7541,7.80,175,0,50,6,25,14
33:52,7.7566,7.64,175,0,50,6,25,14
33:53,7.7578,7.64,175,0,50,6,25,14
33:54,7.7603,6.90,269,0,50,3,13,20
33:55,7.7615,6.90,279,0,51,3,13,20
33:56,7.7640,7.05,279,0,51,3,13,20
33:57,7.7653,7.05,269,0,50,3,13,20
33:58,7.7678,6.90,261,0,49,3,13,20
33:59,7.7690,6.77,261,0,49,3,13,20
34:00,7.7709,6.77,261,0,49,3,13,20
34:01,7.7727,6.77,252,0,48,3,13,20
34:02,7.7746,6.62,252,0,48,3,13,20
34:03,7.7765,6.62,252,0,48,3,13,20
34:04,7.7783,6.62,252,0,48,3,13,20
34:05,7.7802,6.62,252,0,48,3,13,20
34:06,7.7821,6.62,261,0,49,3,13,20
34:07,7.7833,6.77,261,0,49,3,13,20
34:08,7.7852,6.77,261,0,49,3,13,20
34:09,7.7870,6.77,269,0,50,3,13,20
34:10,7.7889,6.90,269,0,50,3,13,20
34:11,7.7907,7.18,288,0,52,3,13,20
34:12,7.7926,7.18,288,0,52,3,13,20
34:13,7.7945,7.18,288,0,52,3,13,20
34:14,7.7957,7.18,297,0,53,3,13,20
34:15,7.7982,7.32,297,0,53,3,13,20
34:16,7.8001,7.32,297,0,53,3,13,20
34:17,7.8019,7.32,297,0,53,3,13,20
34:18,7.8044,7.32,297,0,53,3,13,20
34:19,7.8063,7.18,288,0,52,3,13,20
34:20,7.8075,7.18,288,0,52,3,13,20
34:21,7.8100,7.18,288,0,52,3,13,20
34:22,7.8119,7.18,288,0,52,3,13,20
34:23,7.8137,7.32,297,0,53,3,13,20
34:24,7.8162,7.32,297,0,53,3,13,20
34:25,7.8181,7.32,297,0,53,3,13,20
34:26,7.8200,7.32,297,0,53,3,13,20
34:27,7.8218,7.32,297,0,53,3,13,20
34:28,7.8243,7.32,297,0,53,3,13,20
34:29,7.8262,7.32,297,0,53,3,13,20
34:30,7.8280,7.32,297,0,53,3,13,20
34:31,7.8299,7.32,297,0,53,3,13,20
34:32,7.8311,7.32,297,0,53,3,13,20
34:33,7.8336,7.32,297,0,53,3,13,20
34:34,7.8361,7.32,297,0,53,3,13,20
34:35,7.8374,7.32,297,0,53,3,13,20
34:36,7.8398,7.32,297,0,53,3,13,20
34:37,7.8423,7.32,297,0,53,3,13,20
34:38,7.8436,7.32,297,0,53,3,13,20
34:39,7.8461,7.32,297,0,53,3,13,20
34:40,7.8479,7.32,297,0,53,3,13,20
34:41,7.8498,7.32,297,0,53,3,13,20
34:42,7.8523,7.32,297,0,53,3,13,20
34:43,7.8535,7.32,297,0,53,3,13,20
34:44,7.8560,7.32,297,0,53,3,13,20
34:45,7.8579,7.18,288,0,52,3,13,20
34:46,7.8597,7.18,288,0,52,3,13,20
34:47,7.8616,7.18,288,0,52,3,13,20
34:48,7.8641,7.18,288,0,52,3,13,20
34:49,7.8653,7.18,288,0,52,3,13,20
34:50,7.8672,7.32,297,0,53,3,13,20
34:51,7.8697,7.32,297,0,53,3,13,20
34:52,7.8715,7.32,297,0,53,3,13,20
34:53,7.8734,7.32,297,0,53,3,13,20
34:54,7.8759,7.46,306,0,54,3,13,20
34:55,7.8771,7.46,297,0,53,3,13,20
34:56,7.8790,7.32,279,0,51,3,13,20
34:57,7.8802,6.90,261,0,49,3,13,20
34:58,7.8821,6.77,243,0,47,10,42,0
34:59,7.8833,8.21,19,0,45,10,42,0
35:00,7.8840,8.03,17,0,43,10,42,0
35:01,7.8864,7.67,17,0,43,10,42,0
35:02,7.8883,7.85,17,0,44,10,42,0
35:03,7.8895,7.85,19,0,46,10,42,0
35:04,7.8914,8.92,23,0,52,10,42,0
35:05,7.8939,9.64,27,0,56,10,42,0
35:06,7.8958,10.16,28,0,58,10,42,0
35:07,7.8976,10.35,29,0,59,10,42,0
35:08,7.9007,10.88,33,0,64,10,42,0
35:09,7.9038,11.42,34,0,65,10,42,0
35:10,7.9063,11.60,34,0,65,10,42,0
35:11,7.9101,11.60,34,0,65,10,42,0
35:12,7.9138,11.60,34,0,65,10,42,0
35:13,7.9163,11.60,34,0,65,10,42,0
35:14,7.9200,11.78,36,0,67,10,42,0
35:15,7.9219,11.96,37,0,68,10,42,0
35:16,7.9250,12.32,39,0,70,10,42,0
35:17,7.9281,12.67,41,0,72,10,42,0
35:18,7.9299,12.84,43,0,74,10,42,0
35:19,7.9330,13.38,44,0,75,10,42,0
35:20,7.9355,13.02,59,0,77,9,38,2
35:21,7.9386,13.36,60,0,78,9,38,2
35:22,7.9417,13.71,63,0,80,9,38,2
35:23,7.9461,14.05,66,0,82,9,38,2
35:24,7.9486,14.22,69,0,84,9,38,2
35:25,7.9535,14.40,69,0,84,9,38,2
35:26,7.9567,14.40,69,0,84,9,38,2
35:27,7.9610,14.22,67,0,83,9,38,2
35:28,7.9641,14.05,67,0,83,9,38,2
35:29,7.9685,13.88,64,0,81,9,38,2
35:30,7.9722,13.53,60,0,78,9,38,2
35:31,7.9753,13.36,60,0,78,9,38,2
35:32,7.9796,13.36,60,0,78,9,38,2
35:33,7.9828,13.36,60,0,78,9,38,2
35:34,7.9865,13.36,60,0,78,9,38,2
35:35,7.9908,13.36,59,0,77,9,38,2
35:36,7.9933,13.19,59,0,77,9,38,2
35:37,7.9970,13.02,58,0,76,9,38,2
35:38,8.0008,13.56,45,0,76,10,42,0
35:39,8.0033,13.56,44,0,75,10,42,0
35:40,8.0076,13.56,45,0,76,10,42,0
35:41,8.0101,13.56,45,0,76,10,42,0
35:42,8.0144,13.56,45,0,76,10,42,0
35:43,8.0188,13.56,45,0,76,10,42,0
35:44,8.0213,13.56,45,0,76,10,42,0
35:45,8.0256,13.56,45,0,76,10,42,0
35:46,8.0300,13.56,46,0,77,10,42,0
35:47,8.0325,13.74,47,0,78,10,42,0
35:48,8.0368,14.27,49,0,80,10,42,0
35:49,8.0399,14.27,49,0,80,10,42,0
35:50,8.0443,14.45,50,0,81,10,42,0
35:51,8.0474,14.27,50,0,81,10,42,0
35:52,8.0517,14.27,50,0,81,10,42,0
35:53,8.0561,14.27,50,0,81,10,42,0
35:54,8.0592,14.27,48,0,79,10,42,0
35:55,8.0635,14.10,48,0,79,10,42,0
35:56,8.0666,14.10,49,0,80,10,42,0
35:57,8.0710,14.27,49,0,80,10,42,0
35:58,8.0753,14.27,49,0,80,10,42,0
35:59,8.0797,14.27,49,0,80,10,42,0
36:00,8.0828,14.27,48,0,79,10,42,0
36:01,8.0871,14.10,48,0,79,10,42,0
36:02,8.0896,14.10,46,0,77,10,42,0
36:03,8.0940,13.74,45,0,76,10,42,0
36:04,8.0971,13.74,44,0,75,10,42,0
36:05,8.1002,13.38,43,0,74,10,42,0
36:06,8.1039,13.38,44,0,75,10,42,0
36:07,8.1070,13.38,44,0,75,10,42,0
36:08,8.1108,13.92,47,0,78,10,42,0
36:09,8.1139,13.92,48,0,79,10,42,0
36:10,8.1182,14.10,48,0,79,10,42,0
36:11,8.1226,13.92,47,0,78,10,42,0
36:12,8.1250,13.92,47,0,78,10,42,0
36:13,8.1294,13.92,47,0,78,10,42,0
36:14,8.1337,14.10,48,0,79,10,42,0
36:15,8.1350,14.10,48,0,79,10,42,0
36:16,8.1362,14.10,48,0,79,10,42,0
